{
  "mod_id": "draconicevolution",
  "base_files": [
    {
      "file_path": "structure/zh_cn/draconicevolution_dbd2b.md",
      "url": "http://pi.brandon3055.com/objects/bf/bf8757e5d1cbf505d932fe633efb2336bee106c1",
      "sha1": "bf8757e5d1cbf505d932fe633efb2336bee106c1"
    },
    {
      "file_path": "structure/structure.json",
      "url": "http://pi.brandon3055.com/objects/58/5897ca96cf5bfcf9f06e9f9304136196286540a0",
      "sha1": "5897ca96cf5bfcf9f06e9f9304136196286540a0"
    },
    {
      "file_path": "structure/en_us/draconicevolution_dbd2b.md",
      "url": "http://pi.brandon3055.com/objects/96/96efffa6cb5dcec5d7e8bca62653de0de9bb8f34",
      "sha1": "96efffa6cb5dcec5d7e8bca62653de0de9bb8f34"
    },
    {
      "file_path": "structure/lang/zh_cn.json",
      "url": "http://pi.brandon3055.com/objects/0c/0c8700d360d3272133bea0b8f1457f339552fe6f",
      "sha1": "0c8700d360d3272133bea0b8f1457f339552fe6f"
    },
    {
      "file_path": "structure/lang/en_us.json",
      "url": "http://pi.brandon3055.com/objects/4b/4babaec237647b3af0b01fc321888537090e10cd",
      "sha1": "4babaec237647b3af0b01fc321888537090e10cd"
    },
    {
      "file_path": "structure/lang/ru_ru.json",
      "url": "http://pi.brandon3055.com/objects/ba/ba57c781657997e6de68b37ab55f3f8ab513896b",
      "sha1": "ba57c781657997e6de68b37ab55f3f8ab513896b"
    },
    {
      "file_path": "structure/ru_ru/draconicevolution_dbd2b.md",
      "url": "http://pi.brandon3055.com/objects/10/10248aa9a979433e84f9d788fc74b5fcdcaef9fb",
      "sha1": "10248aa9a979433e84f9d788fc74b5fcdcaef9fb"
    }
  ],
  "lang_files": [
    {
      "file_path": "zh_cn/entity_detector_62746.md",
      "url": "http://pi.brandon3055.com/objects/a6/a62734204f6f738b8dba4ce4bd630f29b371fa03",
      "sha1": "a62734204f6f738b8dba4ce4bd630f29b371fa03",
      "lang": "zh_cn"
    },
    {
      "file_path": "zh_cn/upgrade_system_a708d.md",
      "url": "http://pi.brandon3055.com/objects/0f/0f1eaa8f503585e7700f77f657a272c4993e19be",
      "sha1": "0f1eaa8f503585e7700f77f657a272c4993e19be",
      "lang": "zh_cn"
    },
    {
      "file_path": "zh_cn/wyvern_tools_26115.md",
      "url": "http://pi.brandon3055.com/objects/3b/3babb3a98f3f563f567d10f6f81bc19485a9ad91",
      "sha1": "3babb3a98f3f563f567d10f6f81bc19485a9ad91",
      "lang": "zh_cn"
    },
    {
      "file_path": "zh_cn/draconic_tools_ce5a3.md",
      "url": "http://pi.brandon3055.com/objects/8f/8f09ca1de4a01254b6dbc2d4dc4c645ea497677f",
      "sha1": "8f09ca1de4a01254b6dbc2d4dc4c645ea497677f",
      "lang": "zh_cn"
    },
    {
      "file_path": "zh_cn/fusion_crafting/fusion_crafting_injectors_26e3e.md",
      "url": "http://pi.brandon3055.com/objects/8c/8c7fc2f89dfb702213c5fa88a0478da28f458ef1",
      "sha1": "8c7fc2f89dfb702213c5fa88a0478da28f458ef1",
      "lang": "zh_cn"
    },
    {
      "file_path": "zh_cn/fusion_crafting/fusion_crafting_setup_84af7.md",
      "url": "http://pi.brandon3055.com/objects/7d/7d0720e8a1cc45aea380b47c1fbc91c62370d8d6",
      "sha1": "7d0720e8a1cc45aea380b47c1fbc91c62370d8d6",
      "lang": "zh_cn"
    },
    {
      "file_path": "zh_cn/mob_grinder_c25b0.md",
      "url": "http://pi.brandon3055.com/objects/bc/bcc64b46337f5e6754a5f9e60cd0339427e779f7",
      "sha1": "bcc64b46337f5e6754a5f9e60cd0339427e779f7",
      "lang": "zh_cn"
    },
    {
      "file_path": "zh_cn/test_page_4f9ac.md",
      "url": "http://pi.brandon3055.com/objects/9c/9c56944ee368567e7a163e4d93520f71063db66e",
      "sha1": "9c56944ee368567e7a163e4d93520f71063db66e",
      "lang": "zh_cn"
    },
    {
      "file_path": "zh_cn/energy_storage_core/energy_pylon_e75da.md",
      "url": "http://pi.brandon3055.com/objects/50/50734c61c7964be75bfd1595042bd2c04216e04c",
      "sha1": "50734c61c7964be75bfd1595042bd2c04216e04c",
      "lang": "zh_cn"
    },
    {
      "file_path": "zh_cn/energy_storage_core/energy_core_setup_7be5c.md",
      "url": "http://pi.brandon3055.com/objects/d5/d5116af305cbed9428681982ca00fbaf331f79b9",
      "sha1": "d5116af305cbed9428681982ca00fbaf331f79b9",
      "lang": "zh_cn"
    },
    {
      "file_path": "zh_cn/energy_storage_core/energy_core_stabilizer_dfaaa.md",
      "url": "http://pi.brandon3055.com/objects/bf/bf8be516809e00265672543a782230e0f3cdae35",
      "sha1": "bf8be516809e00265672543a782230e0f3cdae35",
      "lang": "zh_cn"
    },
    {
      "file_path": "zh_cn/energy_network/relay_crystals_2bf03.md",
      "url": "http://pi.brandon3055.com/objects/91/910815f15e0d456c46eef1d2dadcabc3547c63fe",
      "sha1": "910815f15e0d456c46eef1d2dadcabc3547c63fe",
      "lang": "zh_cn"
    },
    {
      "file_path": "zh_cn/energy_network/energy_io_crystals_5c5b0.md",
      "url": "http://pi.brandon3055.com/objects/42/42a6d05316de7f4be36c776fc7111f421406432d",
      "sha1": "42a6d05316de7f4be36c776fc7111f421406432d",
      "lang": "zh_cn"
    },
    {
      "file_path": "zh_cn/energy_network/wireless_crystals_29e8b.md",
      "url": "http://pi.brandon3055.com/objects/ba/ba8113dee6525404430c417a04af69507cf4f51b",
      "sha1": "ba8113dee6525404430c417a04af69507cf4f51b",
      "lang": "zh_cn"
    },
    {
      "file_path": "zh_cn/energy_network/the_basics_461cd.md",
      "url": "http://pi.brandon3055.com/objects/1f/1f50e9a98698d0e767addba8d50dffa634be3054",
      "sha1": "1f50e9a98698d0e767addba8d50dffa634be3054",
      "lang": "zh_cn"
    },
    {
      "file_path": "zh_cn/wyvern_armor_4e10b.md",
      "url": "http://pi.brandon3055.com/objects/ae/ae7f8a17a590833b3ed22b3b67e0f5b1c20cea02",
      "sha1": "ae7f8a17a590833b3ed22b3b67e0f5b1c20cea02",
      "lang": "zh_cn"
    },
    {
      "file_path": "zh_cn/draconium_8395a.md",
      "url": "http://pi.brandon3055.com/objects/f0/f0b3efc2ceebc12ebe7b451ee984e501c9e6c75f",
      "sha1": "f0b3efc2ceebc12ebe7b451ee984e501c9e6c75f",
      "lang": "zh_cn"
    },
    {
      "file_path": "zh_cn/potentiometer_7e259.md",
      "url": "http://pi.brandon3055.com/objects/59/5931fed3d2f0d57e510aa86625d2c392c0f8fa07",
      "sha1": "5931fed3d2f0d57e510aa86625d2c392c0f8fa07",
      "lang": "zh_cn"
    },
    {
      "file_path": "zh_cn/celestial_manipulator_55724.md",
      "url": "http://pi.brandon3055.com/objects/6d/6de33c6df35dd30cdedff1b3864407592feca019",
      "sha1": "6de33c6df35dd30cdedff1b3864407592feca019",
      "lang": "zh_cn"
    },
    {
      "file_path": "zh_cn/draconic_armor/draconic_chestplate_e14af.md",
      "url": "http://pi.brandon3055.com/objects/30/3045e8e2fcfaa29a89b79f745191aefd6ee23b64",
      "sha1": "3045e8e2fcfaa29a89b79f745191aefd6ee23b64",
      "lang": "zh_cn"
    },
    {
      "file_path": "zh_cn/draconic_armor/draconic_boots_53ead.md",
      "url": "http://pi.brandon3055.com/objects/76/769bfb4e93a495e4990e8451247bc46e1fef7932",
      "sha1": "769bfb4e93a495e4990e8451247bc46e1fef7932",
      "lang": "zh_cn"
    },
    {
      "file_path": "zh_cn/draconic_armor/draconic_helmet_54f52.md",
      "url": "http://pi.brandon3055.com/objects/b9/b9e14609e1dbcb00c7ac3349d897e551bad6fff9",
      "sha1": "b9e14609e1dbcb00c7ac3349d897e551bad6fff9",
      "lang": "zh_cn"
    },
    {
      "file_path": "zh_cn/draconic_armor/draconic_leggings_dc633.md",
      "url": "http://pi.brandon3055.com/objects/f5/f5a82f504cc2639b4b34f5acd064da64aefc7bf3",
      "sha1": "f5a82f504cc2639b4b34f5acd064da64aefc7bf3",
      "lang": "zh_cn"
    },
    {
      "file_path": "zh_cn/cores/wyvern_core_c2c0a.md",
      "url": "http://pi.brandon3055.com/objects/05/05431d023c59ebf486b796c3713e4bce23cf37ac",
      "sha1": "05431d023c59ebf486b796c3713e4bce23cf37ac",
      "lang": "zh_cn"
    },
    {
      "file_path": "zh_cn/cores/wyvern_energy_core_a2b4d.md",
      "url": "http://pi.brandon3055.com/objects/1a/1a647afe5830c04a36b887df0cf74e51b10623d9",
      "sha1": "1a647afe5830c04a36b887df0cf74e51b10623d9",
      "lang": "zh_cn"
    },
    {
      "file_path": "zh_cn/cores/draconic_energy_core_4f12f.md",
      "url": "http://pi.brandon3055.com/objects/d2/d2a2a287331be170de3c27dbf7d330c5e1bef702",
      "sha1": "d2a2a287331be170de3c27dbf7d330c5e1bef702",
      "lang": "zh_cn"
    },
    {
      "file_path": "zh_cn/cores/awakened_core_c847a.md",
      "url": "http://pi.brandon3055.com/objects/82/82cd708a2942914715cd8fa2c2dd6a09e05b3da0",
      "sha1": "82cd708a2942914715cd8fa2c2dd6a09e05b3da0",
      "lang": "zh_cn"
    },
    {
      "file_path": "zh_cn/cores/chaotic_core_10e66.md",
      "url": "http://pi.brandon3055.com/objects/7a/7afaca2c4bd15fb49f8508e52d187f9c0c85fa00",
      "sha1": "7afaca2c4bd15fb49f8508e52d187f9c0c85fa00",
      "lang": "zh_cn"
    },
    {
      "file_path": "zh_cn/cores/draconic_core_3cc88.md",
      "url": "http://pi.brandon3055.com/objects/3c/3c5b608196c30fd0880370d423067cb7c6d9eb02",
      "sha1": "3c5b608196c30fd0880370d423067cb7c6d9eb02",
      "lang": "zh_cn"
    },
    {
      "file_path": "zh_cn/cores_b46c6.md",
      "url": "http://pi.brandon3055.com/objects/25/2554482bf6ea47bae1b318bb49dfc6612c43f77d",
      "sha1": "2554482bf6ea47bae1b318bb49dfc6612c43f77d",
      "lang": "zh_cn"
    },
    {
      "file_path": "zh_cn/ender_energy_manipulator_3811c.md",
      "url": "http://pi.brandon3055.com/objects/1d/1d91f34010e41a670c229a2d13808c679df94319",
      "sha1": "1d91f34010e41a670c229a2d13808c679df94319",
      "lang": "zh_cn"
    },
    {
      "file_path": "zh_cn/dislocation/bound_dislocators_d4344.md",
      "url": "http://pi.brandon3055.com/objects/4f/4f0b2b0e1c378ae3d39d06c985069fb5db400b19",
      "sha1": "4f0b2b0e1c378ae3d39d06c985069fb5db400b19",
      "lang": "zh_cn"
    },
    {
      "file_path": "zh_cn/dislocation/awakened_item_dislocator_81c55.md",
      "url": "http://pi.brandon3055.com/objects/ef/efba4fd1faaea3edf74bd46f8365d9168adff2de",
      "sha1": "efba4fd1faaea3edf74bd46f8365d9168adff2de",
      "lang": "zh_cn"
    },
    {
      "file_path": "zh_cn/dislocation/dislocation_blocker_20e01.md",
      "url": "http://pi.brandon3055.com/objects/08/08a1efa3a2a272b78973b54f38c28cf122287425",
      "sha1": "08a1efa3a2a272b78973b54f38c28cf122287425",
      "lang": "zh_cn"
    },
    {
      "file_path": "zh_cn/dislocation/dislocator_81ef7.md",
      "url": "http://pi.brandon3055.com/objects/d8/d8ea478ce6feb27e43ce1cb928cecdf3f835c4cb",
      "sha1": "d8ea478ce6feb27e43ce1cb928cecdf3f835c4cb",
      "lang": "zh_cn"
    },
    {
      "file_path": "zh_cn/dislocation/dislocator_pedestal_40605.md",
      "url": "http://pi.brandon3055.com/objects/f0/f0b0be165443b0812f16fee39284c35c6c51f887",
      "sha1": "f0b0be165443b0812f16fee39284c35c6c51f887",
      "lang": "zh_cn"
    },
    {
      "file_path": "zh_cn/dislocation/dislocator_receptacle_8aad6.md",
      "url": "http://pi.brandon3055.com/objects/e5/e5915a6e4426180b1007e9ee7f8b4a62565ea02f",
      "sha1": "e5915a6e4426180b1007e9ee7f8b4a62565ea02f",
      "lang": "zh_cn"
    },
    {
      "file_path": "zh_cn/dislocation/item_dislocator_a286b.md",
      "url": "http://pi.brandon3055.com/objects/52/520cae5a58a3d04561d2ef293d0e88091e68676e",
      "sha1": "520cae5a58a3d04561d2ef293d0e88091e68676e",
      "lang": "zh_cn"
    },
    {
      "file_path": "zh_cn/dislocation/advanced_dislocator_aa59f.md",
      "url": "http://pi.brandon3055.com/objects/1e/1e538b433038d50193c109bbd1acad13fb6bd3c0",
      "sha1": "1e538b433038d50193c109bbd1acad13fb6bd3c0",
      "lang": "zh_cn"
    },
    {
      "file_path": "zh_cn/rain_sensor_92dae.md",
      "url": "http://pi.brandon3055.com/objects/a4/a4376aa377691fae30f333da3700eb21c3215769",
      "sha1": "a4376aa377691fae30f333da3700eb21c3215769",
      "lang": "zh_cn"
    },
    {
      "file_path": "zh_cn/dislocation_6d4cb.md",
      "url": "http://pi.brandon3055.com/objects/a8/a80a574ec9c2198e11fe3369ba7cd60ecc9b3abd",
      "sha1": "a80a574ec9c2198e11fe3369ba7cd60ecc9b3abd",
      "lang": "zh_cn"
    },
    {
      "file_path": "zh_cn/generator_cc462.md",
      "url": "http://pi.brandon3055.com/objects/69/698a6f754dc1904eb1f2ac437b01c4005d0b6481",
      "sha1": "698a6f754dc1904eb1f2ac437b01c4005d0b6481",
      "lang": "zh_cn"
    },
    {
      "file_path": "zh_cn/energy_network_cbb72.md",
      "url": "http://pi.brandon3055.com/objects/99/9925dec07836d5dc1357310ae6995b78e0427b2a",
      "sha1": "9925dec07836d5dc1357310ae6995b78e0427b2a",
      "lang": "zh_cn"
    },
    {
      "file_path": "zh_cn/stabilized_spawner_4e561.md",
      "url": "http://pi.brandon3055.com/objects/95/95e8e22698df0163438d1cc5d9de3a5d3063845f",
      "sha1": "95e8e22698df0163438d1cc5d9de3a5d3063845f",
      "lang": "zh_cn"
    },
    {
      "file_path": "zh_cn/draconic_energy_shield_4ef7c.md",
      "url": "http://pi.brandon3055.com/objects/f1/f1bbf1e45060415682f8de67cc1eab76319baae7",
      "sha1": "f1bbf1e45060415682f8de67cc1eab76319baae7",
      "lang": "zh_cn"
    },
    {
      "file_path": "zh_cn/flow_gates_92a90.md",
      "url": "http://pi.brandon3055.com/objects/cd/cd126dde0b0fd7d4c51500e1fac6cc15f4ea126d",
      "sha1": "cd126dde0b0fd7d4c51500e1fac6cc15f4ea126d",
      "lang": "zh_cn"
    },
    {
      "file_path": "zh_cn/energy_storage_core_7665b.md",
      "url": "http://pi.brandon3055.com/objects/9e/9ef5d8dc254cbd6a0c9634dda94e9d7407ce6a5c",
      "sha1": "9ef5d8dc254cbd6a0c9634dda94e9d7407ce6a5c",
      "lang": "zh_cn"
    },
    {
      "file_path": "zh_cn/draconium_chest_1c184.md",
      "url": "http://pi.brandon3055.com/objects/11/11e03656ad876843509e86c7288e03316308595d",
      "sha1": "11e03656ad876843509e86c7288e03316308595d",
      "lang": "zh_cn"
    },
    {
      "file_path": "zh_cn/awakened_draconium_5f7da.md",
      "url": "http://pi.brandon3055.com/objects/46/46b94591d1b726e90a57a74a461a776db6d3d9b7",
      "sha1": "46b94591d1b726e90a57a74a461a776db6d3d9b7",
      "lang": "zh_cn"
    },
    {
      "file_path": "zh_cn/draconium/draconium_dust_a564f.md",
      "url": "http://pi.brandon3055.com/objects/b3/b3accade75d34e8e91e363988fe36ccf7caca2c0",
      "sha1": "b3accade75d34e8e91e363988fe36ccf7caca2c0",
      "lang": "zh_cn"
    },
    {
      "file_path": "zh_cn/draconium/draconium_ore_87f4d.md",
      "url": "http://pi.brandon3055.com/objects/27/2768e3079b4a29681746e77acca142f88fceb9d8",
      "sha1": "2768e3079b4a29681746e77acca142f88fceb9d8",
      "lang": "zh_cn"
    },
    {
      "file_path": "zh_cn/draconium/draconium_block_4058e.md",
      "url": "http://pi.brandon3055.com/objects/94/9423ffee1ba147a927ce6756735f1c442409d7da",
      "sha1": "9423ffee1ba147a927ce6756735f1c442409d7da",
      "lang": "zh_cn"
    },
    {
      "file_path": "zh_cn/wyvern_tools/wyvern_pickaxe_97459.md",
      "url": "http://pi.brandon3055.com/objects/cb/cb82eef908fe6a20b4cd218353584ff35faf16be",
      "sha1": "cb82eef908fe6a20b4cd218353584ff35faf16be",
      "lang": "zh_cn"
    },
    {
      "file_path": "zh_cn/wyvern_tools/wyvern_axe_11dbd.md",
      "url": "http://pi.brandon3055.com/objects/4d/4d52c2d020d773d889157a301e42a0e4485a4ebd",
      "sha1": "4d52c2d020d773d889157a301e42a0e4485a4ebd",
      "lang": "zh_cn"
    },
    {
      "file_path": "zh_cn/wyvern_tools/wyvern_shovel_9dbf8.md",
      "url": "http://pi.brandon3055.com/objects/f4/f4d1ac461ccb9a4e61081faf2dc0f2b45b2159ba",
      "sha1": "f4d1ac461ccb9a4e61081faf2dc0f2b45b2159ba",
      "lang": "zh_cn"
    },
    {
      "file_path": "zh_cn/wyvern_tools/wyvern_flux_capacitor_f3f1c.md",
      "url": "http://pi.brandon3055.com/objects/99/99d763748aa545337bdd3a10b8b548dba58be352",
      "sha1": "99d763748aa545337bdd3a10b8b548dba58be352",
      "lang": "zh_cn"
    },
    {
      "file_path": "zh_cn/wyvern_tools/wyvern_bow_e17dc.md",
      "url": "http://pi.brandon3055.com/objects/f2/f2f388ce6d909b6f534587a3ee0e4a6aa11bde9a",
      "sha1": "f2f388ce6d909b6f534587a3ee0e4a6aa11bde9a",
      "lang": "zh_cn"
    },
    {
      "file_path": "zh_cn/wyvern_tools/wyvern_sword_dc96b.md",
      "url": "http://pi.brandon3055.com/objects/eb/ebeb1bc8449e1f14eaf02f56087358ce1492a15a",
      "sha1": "ebeb1bc8449e1f14eaf02f56087358ce1492a15a",
      "lang": "zh_cn"
    },
    {
      "file_path": "zh_cn/fusion_crafting_93212.md",
      "url": "http://pi.brandon3055.com/objects/62/62f98e2f083e7da911538a0605066804d380a49a",
      "sha1": "62f98e2f083e7da911538a0605066804d380a49a",
      "lang": "zh_cn"
    },
    {
      "file_path": "zh_cn/wyvern_armor/wyvern_chestplate_472d6.md",
      "url": "http://pi.brandon3055.com/objects/56/56f3bf543499586a9e43af34238f40728d15f021",
      "sha1": "56f3bf543499586a9e43af34238f40728d15f021",
      "lang": "zh_cn"
    },
    {
      "file_path": "zh_cn/wyvern_armor/wyvern_leggings_2b410.md",
      "url": "http://pi.brandon3055.com/objects/c1/c1668f9e3e4680243756f7531ab73334ebb4d852",
      "sha1": "c1668f9e3e4680243756f7531ab73334ebb4d852",
      "lang": "zh_cn"
    },
    {
      "file_path": "zh_cn/wyvern_armor/wyvern_boots_9d888.md",
      "url": "http://pi.brandon3055.com/objects/7b/7b19c8bb134bb22413a5b0c4e4f2e6a6cf75e45b",
      "sha1": "7b19c8bb134bb22413a5b0c4e4f2e6a6cf75e45b",
      "lang": "zh_cn"
    },
    {
      "file_path": "zh_cn/wyvern_armor/wyvern_helmet_60559.md",
      "url": "http://pi.brandon3055.com/objects/c1/c1f89f6b67b743f21d019c8cd3f5413075c7f67d",
      "sha1": "c1f89f6b67b743f21d019c8cd3f5413075c7f67d",
      "lang": "zh_cn"
    },
    {
      "file_path": "zh_cn/spotlights_65054.md",
      "url": "http://pi.brandon3055.com/objects/1e/1e3d46936ce2da90b18335b99d9a3242ee870341",
      "sha1": "1e3d46936ce2da90b18335b99d9a3242ee870341",
      "lang": "zh_cn"
    },
    {
      "file_path": "zh_cn/draconic_reactor/reactor_explosion_8a46b.md",
      "url": "http://pi.brandon3055.com/objects/39/39806f6582030a86435a7631b1ede949d532d806",
      "sha1": "39806f6582030a86435a7631b1ede949d532d806",
      "lang": "zh_cn"
    },
    {
      "file_path": "zh_cn/draconic_reactor/basic_operation_909db.md",
      "url": "http://pi.brandon3055.com/objects/81/819bd626b034401af8253fdb3d6889101c0ebf15",
      "sha1": "819bd626b034401af8253fdb3d6889101c0ebf15",
      "lang": "zh_cn"
    },
    {
      "file_path": "zh_cn/draconic_reactor/regulation_and_safety_24690.md",
      "url": "http://pi.brandon3055.com/objects/3b/3b97a3b70154780e504faf8f3ffa4e08c0a586f8",
      "sha1": "3b97a3b70154780e504faf8f3ffa4e08c0a586f8",
      "lang": "zh_cn"
    },
    {
      "file_path": "zh_cn/draconic_tools/draconic_staff_of_power_31983.md",
      "url": "http://pi.brandon3055.com/objects/93/93e6ae3d99525c3f46b54b024450cf9d8ac4eba5",
      "sha1": "93e6ae3d99525c3f46b54b024450cf9d8ac4eba5",
      "lang": "zh_cn"
    },
    {
      "file_path": "zh_cn/draconic_tools/draconic_sword_f9c8f.md",
      "url": "http://pi.brandon3055.com/objects/8c/8cac014f0d55772422229d0fea59995bc54c67ca",
      "sha1": "8cac014f0d55772422229d0fea59995bc54c67ca",
      "lang": "zh_cn"
    },
    {
      "file_path": "zh_cn/draconic_tools/draconic_shovel_26bf1.md",
      "url": "http://pi.brandon3055.com/objects/91/91238a5b45c2bb81da4d776013a77d05aed12472",
      "sha1": "91238a5b45c2bb81da4d776013a77d05aed12472",
      "lang": "zh_cn"
    },
    {
      "file_path": "zh_cn/draconic_tools/draconic_bow_a8440.md",
      "url": "http://pi.brandon3055.com/objects/44/447b51e53ed1e003da8c9972b8ef920574f2059f",
      "sha1": "447b51e53ed1e003da8c9972b8ef920574f2059f",
      "lang": "zh_cn"
    },
    {
      "file_path": "zh_cn/draconic_tools/draconic_hoe_21b89.md",
      "url": "http://pi.brandon3055.com/objects/5c/5c5b54dcbcd9757618f5ecfa778a86227b8512ca",
      "sha1": "5c5b54dcbcd9757618f5ecfa778a86227b8512ca",
      "lang": "zh_cn"
    },
    {
      "file_path": "zh_cn/draconic_tools/draconic_axe_bcd5b.md",
      "url": "http://pi.brandon3055.com/objects/26/26749f17fb629e4a67d27aeeb6b805d253029831",
      "sha1": "26749f17fb629e4a67d27aeeb6b805d253029831",
      "lang": "zh_cn"
    },
    {
      "file_path": "zh_cn/draconic_tools/draconic_flux_capacitor_5685f.md",
      "url": "http://pi.brandon3055.com/objects/03/0369b12307710ad589f3b3ba16a1f0b9a176bbb9",
      "sha1": "0369b12307710ad589f3b3ba16a1f0b9a176bbb9",
      "lang": "zh_cn"
    },
    {
      "file_path": "zh_cn/draconic_tools/draconic_pickaxe_5380c.md",
      "url": "http://pi.brandon3055.com/objects/df/df536c886468f1a1057423c290bb104dc35367ec",
      "sha1": "df536c886468f1a1057423c290bb104dc35367ec",
      "lang": "zh_cn"
    },
    {
      "file_path": "zh_cn/mob_soul_749d7.md",
      "url": "http://pi.brandon3055.com/objects/89/8956b93c067dc5603280f8d62bcaf6e93624b2bb",
      "sha1": "8956b93c067dc5603280f8d62bcaf6e93624b2bb",
      "lang": "zh_cn"
    },
    {
      "file_path": "zh_cn/draconic_reactor_b98b3.md",
      "url": "http://pi.brandon3055.com/objects/f3/f3aa185bfedfaae2ce39bd27c749421cd0c3cf4c",
      "sha1": "f3aa185bfedfaae2ce39bd27c749421cd0c3cf4c",
      "lang": "zh_cn"
    },
    {
      "file_path": "zh_cn/draconic_armor_a7ed0.md",
      "url": "http://pi.brandon3055.com/objects/a9/a9971eb5881dd8da944db5d8433f3565a00f398e",
      "sha1": "a9971eb5881dd8da944db5d8433f3565a00f398e",
      "lang": "zh_cn"
    },
    {
      "file_path": "zh_cn/contributors_14e32.md",
      "url": "http://pi.brandon3055.com/objects/95/9539ba667c85005e940817346927754aa434037b",
      "sha1": "9539ba667c85005e940817346927754aa434037b",
      "lang": "zh_cn"
    },
    {
      "file_path": "zh_cn/chaos_guardian_4c4fd.md",
      "url": "http://pi.brandon3055.com/objects/25/2521b072774c8fddf1955bb1f6502877b7209192",
      "sha1": "2521b072774c8fddf1955bb1f6502877b7209192",
      "lang": "zh_cn"
    },
    {
      "file_path": "zh_cn/energy_infuser_5b44a.md",
      "url": "http://pi.brandon3055.com/objects/54/5491aa57aff4f9058a64633109e6bdb5a8d3f69a",
      "sha1": "5491aa57aff4f9058a64633109e6bdb5a8d3f69a",
      "lang": "zh_cn"
    },
    {
      "file_path": "zh_cn/disenchanter_3606d.md",
      "url": "http://pi.brandon3055.com/objects/67/672f24b8b787b7366b3ab385c1b77dcd196d72fe",
      "sha1": "672f24b8b787b7366b3ab385c1b77dcd196d72fe",
      "lang": "zh_cn"
    },
    {
      "file_path": "zh_cn/awakened_draconium/dragon_heart_2caa6.md",
      "url": "http://pi.brandon3055.com/objects/4a/4aa2cd48adca476e101d020a298637287df46168",
      "sha1": "4aa2cd48adca476e101d020a298637287df46168",
      "lang": "zh_cn"
    },
    {
      "file_path": "en_us/entity_detector_62746.md",
      "url": "http://pi.brandon3055.com/objects/8b/8b3046edb87813b458e393af6d449ce6989d874a",
      "sha1": "8b3046edb87813b458e393af6d449ce6989d874a",
      "lang": "en_us"
    },
    {
      "file_path": "en_us/upgrade_system_a708d.md",
      "url": "http://pi.brandon3055.com/objects/20/20d54b8074b0a8e37a18226e5c2da00e106cda8d",
      "sha1": "20d54b8074b0a8e37a18226e5c2da00e106cda8d",
      "lang": "en_us"
    },
    {
      "file_path": "en_us/wyvern_tools_26115.md",
      "url": "http://pi.brandon3055.com/objects/8f/8f68a5a3db9a67df7da76b3db20a0b8ca120296f",
      "sha1": "8f68a5a3db9a67df7da76b3db20a0b8ca120296f",
      "lang": "en_us"
    },
    {
      "file_path": "en_us/draconic_tools_ce5a3.md",
      "url": "http://pi.brandon3055.com/objects/5d/5d4f995e9b2e1a733619fe89fd07ca15b74306e5",
      "sha1": "5d4f995e9b2e1a733619fe89fd07ca15b74306e5",
      "lang": "en_us"
    },
    {
      "file_path": "en_us/fusion_crafting/fusion_crafting_injectors_26e3e.md",
      "url": "http://pi.brandon3055.com/objects/af/af92e79e485d7ebb102d1945dea8056af8117a25",
      "sha1": "af92e79e485d7ebb102d1945dea8056af8117a25",
      "lang": "en_us"
    },
    {
      "file_path": "en_us/fusion_crafting/fusion_crafting_setup_84af7.md",
      "url": "http://pi.brandon3055.com/objects/ee/eee406296f6d8077e0a6b33ad86b727b805e7950",
      "sha1": "eee406296f6d8077e0a6b33ad86b727b805e7950",
      "lang": "en_us"
    },
    {
      "file_path": "en_us/mob_grinder_c25b0.md",
      "url": "http://pi.brandon3055.com/objects/71/719afa5903ccae8c5b4215b9c804612bbf48d392",
      "sha1": "719afa5903ccae8c5b4215b9c804612bbf48d392",
      "lang": "en_us"
    },
    {
      "file_path": "en_us/test_page_4f9ac.md",
      "url": "http://pi.brandon3055.com/objects/9c/9c56944ee368567e7a163e4d93520f71063db66e",
      "sha1": "9c56944ee368567e7a163e4d93520f71063db66e",
      "lang": "en_us"
    },
    {
      "file_path": "en_us/energy_storage_core/energy_pylon_e75da.md",
      "url": "http://pi.brandon3055.com/objects/e5/e56da601cb3c402a0499efbf6b95860cc0c2fc2e",
      "sha1": "e56da601cb3c402a0499efbf6b95860cc0c2fc2e",
      "lang": "en_us"
    },
    {
      "file_path": "en_us/energy_storage_core/energy_core_setup_7be5c.md",
      "url": "http://pi.brandon3055.com/objects/38/3856f4c4cd88cb1ee65910f13f1450c0b594bbc0",
      "sha1": "3856f4c4cd88cb1ee65910f13f1450c0b594bbc0",
      "lang": "en_us"
    },
    {
      "file_path": "en_us/energy_storage_core/energy_core_stabilizer_dfaaa.md",
      "url": "http://pi.brandon3055.com/objects/20/2000672cab0568ca2674b0be66896ada6cbba85d",
      "sha1": "2000672cab0568ca2674b0be66896ada6cbba85d",
      "lang": "en_us"
    },
    {
      "file_path": "en_us/energy_network/relay_crystals_2bf03.md",
      "url": "http://pi.brandon3055.com/objects/f4/f4ed2ac9fb66ceb53c90e8658b3d42186bd63a54",
      "sha1": "f4ed2ac9fb66ceb53c90e8658b3d42186bd63a54",
      "lang": "en_us"
    },
    {
      "file_path": "en_us/energy_network/energy_io_crystals_5c5b0.md",
      "url": "http://pi.brandon3055.com/objects/7b/7bec10f0dafd4363672fe2042e71037c5e68f16c",
      "sha1": "7bec10f0dafd4363672fe2042e71037c5e68f16c",
      "lang": "en_us"
    },
    {
      "file_path": "en_us/energy_network/wireless_crystals_29e8b.md",
      "url": "http://pi.brandon3055.com/objects/7c/7c13107ba52d790c952ac1eee869b0593c499ee1",
      "sha1": "7c13107ba52d790c952ac1eee869b0593c499ee1",
      "lang": "en_us"
    },
    {
      "file_path": "en_us/energy_network/the_basics_461cd.md",
      "url": "http://pi.brandon3055.com/objects/cf/cf9109da6bfa0abf100d0440c38cfd138d8d45b8",
      "sha1": "cf9109da6bfa0abf100d0440c38cfd138d8d45b8",
      "lang": "en_us"
    },
    {
      "file_path": "en_us/wyvern_armor_4e10b.md",
      "url": "http://pi.brandon3055.com/objects/ae/ae86a0d37fc026a86ff59c1323cdfec31bea46c8",
      "sha1": "ae86a0d37fc026a86ff59c1323cdfec31bea46c8",
      "lang": "en_us"
    },
    {
      "file_path": "en_us/draconium_8395a.md",
      "url": "http://pi.brandon3055.com/objects/06/06786b54537ece9f7a15acfc6688526f41283c6e",
      "sha1": "06786b54537ece9f7a15acfc6688526f41283c6e",
      "lang": "en_us"
    },
    {
      "file_path": "en_us/potentiometer_7e259.md",
      "url": "http://pi.brandon3055.com/objects/0d/0d3ef5af43cc310a40f9a2f2cdd4d651ab89354d",
      "sha1": "0d3ef5af43cc310a40f9a2f2cdd4d651ab89354d",
      "lang": "en_us"
    },
    {
      "file_path": "en_us/celestial_manipulator_55724.md",
      "url": "http://pi.brandon3055.com/objects/57/5702c3e7163bfa8a5f16712870314c5138565364",
      "sha1": "5702c3e7163bfa8a5f16712870314c5138565364",
      "lang": "en_us"
    },
    {
      "file_path": "en_us/draconic_armor/draconic_chestplate_e14af.md",
      "url": "http://pi.brandon3055.com/objects/42/423bf9a3710360da3d23762e5a2040f0654d1bac",
      "sha1": "423bf9a3710360da3d23762e5a2040f0654d1bac",
      "lang": "en_us"
    },
    {
      "file_path": "en_us/draconic_armor/draconic_boots_53ead.md",
      "url": "http://pi.brandon3055.com/objects/31/31b6507f58c68058bc842cb3e34bd6c979a56520",
      "sha1": "31b6507f58c68058bc842cb3e34bd6c979a56520",
      "lang": "en_us"
    },
    {
      "file_path": "en_us/draconic_armor/draconic_helmet_54f52.md",
      "url": "http://pi.brandon3055.com/objects/09/0927d227f0b34ec2dd119ac2c4e40f6bfd7fba18",
      "sha1": "0927d227f0b34ec2dd119ac2c4e40f6bfd7fba18",
      "lang": "en_us"
    },
    {
      "file_path": "en_us/draconic_armor/draconic_leggings_dc633.md",
      "url": "http://pi.brandon3055.com/objects/5d/5d7da2b7134b54f55abc5e344e47e9b476a32638",
      "sha1": "5d7da2b7134b54f55abc5e344e47e9b476a32638",
      "lang": "en_us"
    },
    {
      "file_path": "en_us/cores/wyvern_core_c2c0a.md",
      "url": "http://pi.brandon3055.com/objects/a2/a229fc62a18dbb2fab37270cf208befb8561fca6",
      "sha1": "a229fc62a18dbb2fab37270cf208befb8561fca6",
      "lang": "en_us"
    },
    {
      "file_path": "en_us/cores/wyvern_energy_core_a2b4d.md",
      "url": "http://pi.brandon3055.com/objects/29/293c66b7ce0124630ded517b12d2a85e038c4410",
      "sha1": "293c66b7ce0124630ded517b12d2a85e038c4410",
      "lang": "en_us"
    },
    {
      "file_path": "en_us/cores/draconic_energy_core_4f12f.md",
      "url": "http://pi.brandon3055.com/objects/b2/b2a61fc20764994a4679453195280a807b5bb485",
      "sha1": "b2a61fc20764994a4679453195280a807b5bb485",
      "lang": "en_us"
    },
    {
      "file_path": "en_us/cores/awakened_core_c847a.md",
      "url": "http://pi.brandon3055.com/objects/6b/6b916097d8d7ad8e74cbd6911d3eb29570487302",
      "sha1": "6b916097d8d7ad8e74cbd6911d3eb29570487302",
      "lang": "en_us"
    },
    {
      "file_path": "en_us/cores/chaotic_core_10e66.md",
      "url": "http://pi.brandon3055.com/objects/f7/f7e95e63bb6db27d91762dff7e8bf4d3931f07df",
      "sha1": "f7e95e63bb6db27d91762dff7e8bf4d3931f07df",
      "lang": "en_us"
    },
    {
      "file_path": "en_us/cores/draconic_core_3cc88.md",
      "url": "http://pi.brandon3055.com/objects/9a/9a6b6deb3bbdc44a99e17a2448241aafebc82cdb",
      "sha1": "9a6b6deb3bbdc44a99e17a2448241aafebc82cdb",
      "lang": "en_us"
    },
    {
      "file_path": "en_us/cores_b46c6.md",
      "url": "http://pi.brandon3055.com/objects/93/93c0dc4882812a9de38c2eeabcb3fe4ba4cc4f7e",
      "sha1": "93c0dc4882812a9de38c2eeabcb3fe4ba4cc4f7e",
      "lang": "en_us"
    },
    {
      "file_path": "en_us/ender_energy_manipulator_3811c.md",
      "url": "http://pi.brandon3055.com/objects/14/14763f3fe1066558e6cb6b9c92c12a97443aaf5a",
      "sha1": "14763f3fe1066558e6cb6b9c92c12a97443aaf5a",
      "lang": "en_us"
    },
    {
      "file_path": "en_us/dislocation/bound_dislocators_d4344.md",
      "url": "http://pi.brandon3055.com/objects/e4/e401a8c12b61ef070d6ba25013a970ed686b5b57",
      "sha1": "e401a8c12b61ef070d6ba25013a970ed686b5b57",
      "lang": "en_us"
    },
    {
      "file_path": "en_us/dislocation/awakened_item_dislocator_81c55.md",
      "url": "http://pi.brandon3055.com/objects/7c/7ce0d6756a58e92ceffca0c4dd5be9b7f1a54297",
      "sha1": "7ce0d6756a58e92ceffca0c4dd5be9b7f1a54297",
      "lang": "en_us"
    },
    {
      "file_path": "en_us/dislocation/dislocation_blocker_20e01.md",
      "url": "http://pi.brandon3055.com/objects/81/81838b28300bf1d810c2d560645132a768335b22",
      "sha1": "81838b28300bf1d810c2d560645132a768335b22",
      "lang": "en_us"
    },
    {
      "file_path": "en_us/dislocation/dislocator_81ef7.md",
      "url": "http://pi.brandon3055.com/objects/b6/b62133a6193d77282e4ee98eeae04c49a532ed83",
      "sha1": "b62133a6193d77282e4ee98eeae04c49a532ed83",
      "lang": "en_us"
    },
    {
      "file_path": "en_us/dislocation/dislocator_pedestal_40605.md",
      "url": "http://pi.brandon3055.com/objects/58/58196346fe2551dc8209269a5e663e537af8f542",
      "sha1": "58196346fe2551dc8209269a5e663e537af8f542",
      "lang": "en_us"
    },
    {
      "file_path": "en_us/dislocation/power_portals_2a601.md",
      "url": "http://pi.brandon3055.com/objects/f5/f5e9127a9ab8b984d08cc1dc0979aa071bd2d43d",
      "sha1": "f5e9127a9ab8b984d08cc1dc0979aa071bd2d43d",
      "lang": "en_us"
    },
    {
      "file_path": "en_us/dislocation/dislocator_receptacle_8aad6.md",
      "url": "http://pi.brandon3055.com/objects/5e/5e30120d75051ef7e346e12203e69d5f4f707a6e",
      "sha1": "5e30120d75051ef7e346e12203e69d5f4f707a6e",
      "lang": "en_us"
    },
    {
      "file_path": "en_us/dislocation/item_dislocator_a286b.md",
      "url": "http://pi.brandon3055.com/objects/8a/8a18e69de71ed46d34aabe9c242224a81ac9d449",
      "sha1": "8a18e69de71ed46d34aabe9c242224a81ac9d449",
      "lang": "en_us"
    },
    {
      "file_path": "en_us/dislocation/advanced_dislocator_aa59f.md",
      "url": "http://pi.brandon3055.com/objects/2d/2d41c42b1c4dfa3b012de9377842ac115040865c",
      "sha1": "2d41c42b1c4dfa3b012de9377842ac115040865c",
      "lang": "en_us"
    },
    {
      "file_path": "en_us/rain_sensor_92dae.md",
      "url": "http://pi.brandon3055.com/objects/9c/9c6078511560876d7ef4dfd8bf3e129d15430ec8",
      "sha1": "9c6078511560876d7ef4dfd8bf3e129d15430ec8",
      "lang": "en_us"
    },
    {
      "file_path": "en_us/dislocation_6d4cb.md",
      "url": "http://pi.brandon3055.com/objects/8c/8cdd87cb18584f2e3f4fe09748592ce34c66983b",
      "sha1": "8cdd87cb18584f2e3f4fe09748592ce34c66983b",
      "lang": "en_us"
    },
    {
      "file_path": "en_us/generator_cc462.md",
      "url": "http://pi.brandon3055.com/objects/87/8734a034b88be24060f52b569768b5d38c368236",
      "sha1": "8734a034b88be24060f52b569768b5d38c368236",
      "lang": "en_us"
    },
    {
      "file_path": "en_us/energy_network_cbb72.md",
      "url": "http://pi.brandon3055.com/objects/f1/f14bbb872a9f3c08338a0f61f76e35f112828284",
      "sha1": "f14bbb872a9f3c08338a0f61f76e35f112828284",
      "lang": "en_us"
    },
    {
      "file_path": "en_us/stabilized_spawner_4e561.md",
      "url": "http://pi.brandon3055.com/objects/96/9648b5c319492ceb6ee1d594596f59f27f914f23",
      "sha1": "9648b5c319492ceb6ee1d594596f59f27f914f23",
      "lang": "en_us"
    },
    {
      "file_path": "en_us/draconic_energy_shield_4ef7c.md",
      "url": "http://pi.brandon3055.com/objects/95/95d2a15c521a590d93c08b99871a41110ea736c8",
      "sha1": "95d2a15c521a590d93c08b99871a41110ea736c8",
      "lang": "en_us"
    },
    {
      "file_path": "en_us/flow_gates_92a90.md",
      "url": "http://pi.brandon3055.com/objects/7b/7bc6bfdb9f2af79bb9e864c4dac2db72c01accef",
      "sha1": "7bc6bfdb9f2af79bb9e864c4dac2db72c01accef",
      "lang": "en_us"
    },
    {
      "file_path": "en_us/energy_storage_core_7665b.md",
      "url": "http://pi.brandon3055.com/objects/71/71a1dbd07ff938f612ca8f84423894b08fdee8fd",
      "sha1": "71a1dbd07ff938f612ca8f84423894b08fdee8fd",
      "lang": "en_us"
    },
    {
      "file_path": "en_us/draconium_chest_1c184.md",
      "url": "http://pi.brandon3055.com/objects/dc/dcdea603a1b4f1f2bd6f8b964c8b8f53565e5bff",
      "sha1": "dcdea603a1b4f1f2bd6f8b964c8b8f53565e5bff",
      "lang": "en_us"
    },
    {
      "file_path": "en_us/awakened_draconium_5f7da.md",
      "url": "http://pi.brandon3055.com/objects/a7/a72ebfb82e3adeb42fbc124af1b82bb8c476f2e4",
      "sha1": "a72ebfb82e3adeb42fbc124af1b82bb8c476f2e4",
      "lang": "en_us"
    },
    {
      "file_path": "en_us/draconium/draconium_dust_a564f.md",
      "url": "http://pi.brandon3055.com/objects/c5/c58a2d7d55a534300412f7a61d30d360cc3e6a58",
      "sha1": "c58a2d7d55a534300412f7a61d30d360cc3e6a58",
      "lang": "en_us"
    },
    {
      "file_path": "en_us/draconium/draconium_ore_87f4d.md",
      "url": "http://pi.brandon3055.com/objects/94/9432bd83a0afdb2a35f8de26696b1cce52a2b2e6",
      "sha1": "9432bd83a0afdb2a35f8de26696b1cce52a2b2e6",
      "lang": "en_us"
    },
    {
      "file_path": "en_us/draconium/draconium_block_4058e.md",
      "url": "http://pi.brandon3055.com/objects/56/56e24a4e29853f1241cfbed474f7aad073cdbf23",
      "sha1": "56e24a4e29853f1241cfbed474f7aad073cdbf23",
      "lang": "en_us"
    },
    {
      "file_path": "en_us/wyvern_tools/wyvern_pickaxe_97459.md",
      "url": "http://pi.brandon3055.com/objects/b6/b699d50e58931b13dc5bad86d6704af7d6e35960",
      "sha1": "b699d50e58931b13dc5bad86d6704af7d6e35960",
      "lang": "en_us"
    },
    {
      "file_path": "en_us/wyvern_tools/wyvern_axe_11dbd.md",
      "url": "http://pi.brandon3055.com/objects/f5/f5ae0abbf09c4067b47ae69ed404324388bb3ec1",
      "sha1": "f5ae0abbf09c4067b47ae69ed404324388bb3ec1",
      "lang": "en_us"
    },
    {
      "file_path": "en_us/wyvern_tools/wyvern_shovel_9dbf8.md",
      "url": "http://pi.brandon3055.com/objects/10/10906e77a01b360643d66246271ae673faccc5eb",
      "sha1": "10906e77a01b360643d66246271ae673faccc5eb",
      "lang": "en_us"
    },
    {
      "file_path": "en_us/wyvern_tools/wyvern_flux_capacitor_f3f1c.md",
      "url": "http://pi.brandon3055.com/objects/f0/f09703648084e69364a57f025d0db848b5914226",
      "sha1": "f09703648084e69364a57f025d0db848b5914226",
      "lang": "en_us"
    },
    {
      "file_path": "en_us/wyvern_tools/wyvern_bow_e17dc.md",
      "url": "http://pi.brandon3055.com/objects/01/01a9ad66e2b88052e09e57dc9f71200ebba39e82",
      "sha1": "01a9ad66e2b88052e09e57dc9f71200ebba39e82",
      "lang": "en_us"
    },
    {
      "file_path": "en_us/wyvern_tools/wyvern_sword_dc96b.md",
      "url": "http://pi.brandon3055.com/objects/25/252e4a926d7f4a08fbe4e8e12fb90c489572a551",
      "sha1": "252e4a926d7f4a08fbe4e8e12fb90c489572a551",
      "lang": "en_us"
    },
    {
      "file_path": "en_us/fusion_crafting_93212.md",
      "url": "http://pi.brandon3055.com/objects/3f/3f93def016499780394282e49e6db8cf619099b7",
      "sha1": "3f93def016499780394282e49e6db8cf619099b7",
      "lang": "en_us"
    },
    {
      "file_path": "en_us/wyvern_armor/wyvern_chestplate_472d6.md",
      "url": "http://pi.brandon3055.com/objects/65/657a111d006fd2db9dca699bba17e0cddcae607b",
      "sha1": "657a111d006fd2db9dca699bba17e0cddcae607b",
      "lang": "en_us"
    },
    {
      "file_path": "en_us/wyvern_armor/wyvern_leggings_2b410.md",
      "url": "http://pi.brandon3055.com/objects/a0/a08a73cb3ff642766da27002e17e88489aa1bd8e",
      "sha1": "a08a73cb3ff642766da27002e17e88489aa1bd8e",
      "lang": "en_us"
    },
    {
      "file_path": "en_us/wyvern_armor/wyvern_boots_9d888.md",
      "url": "http://pi.brandon3055.com/objects/ed/edea69347f590cb8310cc54031fdc532044ee106",
      "sha1": "edea69347f590cb8310cc54031fdc532044ee106",
      "lang": "en_us"
    },
    {
      "file_path": "en_us/wyvern_armor/wyvern_helmet_60559.md",
      "url": "http://pi.brandon3055.com/objects/d7/d7c068bea022478d314b30c47c2955afbedaf5b8",
      "sha1": "d7c068bea022478d314b30c47c2955afbedaf5b8",
      "lang": "en_us"
    },
    {
      "file_path": "en_us/spotlights_65054.md",
      "url": "http://pi.brandon3055.com/objects/0c/0cf26ca22f4ba3f57642e09adcab0bd510fd9aec",
      "sha1": "0cf26ca22f4ba3f57642e09adcab0bd510fd9aec",
      "lang": "en_us"
    },
    {
      "file_path": "en_us/draconic_reactor/reactor_explosion_8a46b.md",
      "url": "http://pi.brandon3055.com/objects/11/11ecb01ea686c73364467d268a19d841d75e614e",
      "sha1": "11ecb01ea686c73364467d268a19d841d75e614e",
      "lang": "en_us"
    },
    {
      "file_path": "en_us/draconic_reactor/basic_operation_909db.md",
      "url": "http://pi.brandon3055.com/objects/67/67c3de6bb6bff8333f0e4e7e4dc88faed1e19cb3",
      "sha1": "67c3de6bb6bff8333f0e4e7e4dc88faed1e19cb3",
      "lang": "en_us"
    },
    {
      "file_path": "en_us/draconic_reactor/regulation_and_safety_24690.md",
      "url": "http://pi.brandon3055.com/objects/c4/c41ecffd8909ed909f9b62772f0413b714aa4ea0",
      "sha1": "c41ecffd8909ed909f9b62772f0413b714aa4ea0",
      "lang": "en_us"
    },
    {
      "file_path": "en_us/draconic_tools/draconic_staff_of_power_31983.md",
      "url": "http://pi.brandon3055.com/objects/3b/3bdafbaecab146b8f98a26509a1ae5eba296a6fb",
      "sha1": "3bdafbaecab146b8f98a26509a1ae5eba296a6fb",
      "lang": "en_us"
    },
    {
      "file_path": "en_us/draconic_tools/draconic_sword_f9c8f.md",
      "url": "http://pi.brandon3055.com/objects/1d/1dc6cf8a804043c14c80535c624b3f731d553c4e",
      "sha1": "1dc6cf8a804043c14c80535c624b3f731d553c4e",
      "lang": "en_us"
    },
    {
      "file_path": "en_us/draconic_tools/draconic_shovel_26bf1.md",
      "url": "http://pi.brandon3055.com/objects/09/093cc900d2f66d72506e75d9d3194cc4b1680b35",
      "sha1": "093cc900d2f66d72506e75d9d3194cc4b1680b35",
      "lang": "en_us"
    },
    {
      "file_path": "en_us/draconic_tools/draconic_bow_a8440.md",
      "url": "http://pi.brandon3055.com/objects/cb/cb058629e14498e4e52b2c2afe582590e5fd9309",
      "sha1": "cb058629e14498e4e52b2c2afe582590e5fd9309",
      "lang": "en_us"
    },
    {
      "file_path": "en_us/draconic_tools/draconic_hoe_21b89.md",
      "url": "http://pi.brandon3055.com/objects/f9/f9f0bfd51faaeb62be65af8e38de368d303a2a6a",
      "sha1": "f9f0bfd51faaeb62be65af8e38de368d303a2a6a",
      "lang": "en_us"
    },
    {
      "file_path": "en_us/draconic_tools/draconic_axe_bcd5b.md",
      "url": "http://pi.brandon3055.com/objects/80/806ac68cbee3598491a3be97970f0623e668d35e",
      "sha1": "806ac68cbee3598491a3be97970f0623e668d35e",
      "lang": "en_us"
    },
    {
      "file_path": "en_us/draconic_tools/draconic_flux_capacitor_5685f.md",
      "url": "http://pi.brandon3055.com/objects/ab/abc30ba72c411501336c7ab067653bd6757c71c3",
      "sha1": "abc30ba72c411501336c7ab067653bd6757c71c3",
      "lang": "en_us"
    },
    {
      "file_path": "en_us/draconic_tools/draconic_pickaxe_5380c.md",
      "url": "http://pi.brandon3055.com/objects/42/42e35fb838687fdf5334ffc7935e7b35ab7d7e96",
      "sha1": "42e35fb838687fdf5334ffc7935e7b35ab7d7e96",
      "lang": "en_us"
    },
    {
      "file_path": "en_us/mob_soul_749d7.md",
      "url": "http://pi.brandon3055.com/objects/49/49a3fbcdf7ab4a6a15977b78dd26fc050bc90742",
      "sha1": "49a3fbcdf7ab4a6a15977b78dd26fc050bc90742",
      "lang": "en_us"
    },
    {
      "file_path": "en_us/draconic_reactor_b98b3.md",
      "url": "http://pi.brandon3055.com/objects/37/37d1743a39a76b6a6b2333e4f07a7ec8676e9573",
      "sha1": "37d1743a39a76b6a6b2333e4f07a7ec8676e9573",
      "lang": "en_us"
    },
    {
      "file_path": "en_us/draconic_armor_a7ed0.md",
      "url": "http://pi.brandon3055.com/objects/4b/4b102ead369e91e3fe76af9673be76c6c8082471",
      "sha1": "4b102ead369e91e3fe76af9673be76c6c8082471",
      "lang": "en_us"
    },
    {
      "file_path": "en_us/contributors_14e32.md",
      "url": "http://pi.brandon3055.com/objects/93/939a63e1388248630dc8f3a449ec80ac691a1656",
      "sha1": "939a63e1388248630dc8f3a449ec80ac691a1656",
      "lang": "en_us"
    },
    {
      "file_path": "en_us/chaos_guardian_4c4fd.md",
      "url": "http://pi.brandon3055.com/objects/80/8073c796a6edfd1b71982b2a921662e8494f2e9c",
      "sha1": "8073c796a6edfd1b71982b2a921662e8494f2e9c",
      "lang": "en_us"
    },
    {
      "file_path": "en_us/energy_infuser_5b44a.md",
      "url": "http://pi.brandon3055.com/objects/f5/f5cea94446be0cad9a773443db25a96dfab77a11",
      "sha1": "f5cea94446be0cad9a773443db25a96dfab77a11",
      "lang": "en_us"
    },
    {
      "file_path": "en_us/disenchanter_3606d.md",
      "url": "http://pi.brandon3055.com/objects/63/6369de3d406aa9520563733a2070ee4186823579",
      "sha1": "6369de3d406aa9520563733a2070ee4186823579",
      "lang": "en_us"
    },
    {
      "file_path": "en_us/awakened_draconium/dragon_heart_2caa6.md",
      "url": "http://pi.brandon3055.com/objects/31/31f57b264d4e22a35ec4377d01d5b8bb77c2d4f1",
      "sha1": "31f57b264d4e22a35ec4377d01d5b8bb77c2d4f1",
      "lang": "en_us"
    },
    {
      "file_path": "ru_ru/entity_detector_62746.md",
      "url": "http://pi.brandon3055.com/objects/7d/7d3c1d5effd3f44b80b59f9ad5c0405cfe934c83",
      "sha1": "7d3c1d5effd3f44b80b59f9ad5c0405cfe934c83",
      "lang": "ru_ru"
    },
    {
      "file_path": "ru_ru/upgrade_system_a708d.md",
      "url": "http://pi.brandon3055.com/objects/6c/6ccdb03ec071531cf7199a35e836c8a560624a47",
      "sha1": "6ccdb03ec071531cf7199a35e836c8a560624a47",
      "lang": "ru_ru"
    },
    {
      "file_path": "ru_ru/wyvern_tools_26115.md",
      "url": "http://pi.brandon3055.com/objects/a3/a3b949bb6983eaa5bbff256ce4ffe33e28a6fba0",
      "sha1": "a3b949bb6983eaa5bbff256ce4ffe33e28a6fba0",
      "lang": "ru_ru"
    },
    {
      "file_path": "ru_ru/draconic_tools_ce5a3.md",
      "url": "http://pi.brandon3055.com/objects/fc/fcacc6bf5495653d64f3084d3c97a8252b0cbe4e",
      "sha1": "fcacc6bf5495653d64f3084d3c97a8252b0cbe4e",
      "lang": "ru_ru"
    },
    {
      "file_path": "ru_ru/fusion_crafting/fusion_crafting_injectors_26e3e.md",
      "url": "http://pi.brandon3055.com/objects/71/71601639af34ec9b49014d9f47d089bef65a77e4",
      "sha1": "71601639af34ec9b49014d9f47d089bef65a77e4",
      "lang": "ru_ru"
    },
    {
      "file_path": "ru_ru/fusion_crafting/fusion_crafting_setup_84af7.md",
      "url": "http://pi.brandon3055.com/objects/de/de33519b34e01672f8fc7cd87e4d5c6566b86ee4",
      "sha1": "de33519b34e01672f8fc7cd87e4d5c6566b86ee4",
      "lang": "ru_ru"
    },
    {
      "file_path": "ru_ru/mob_grinder_c25b0.md",
      "url": "http://pi.brandon3055.com/objects/3a/3a34128d95d7917992458a3672a8c579b65f4458",
      "sha1": "3a34128d95d7917992458a3672a8c579b65f4458",
      "lang": "ru_ru"
    },
    {
      "file_path": "ru_ru/test_page_4f9ac.md",
      "url": "http://pi.brandon3055.com/objects/9c/9c56944ee368567e7a163e4d93520f71063db66e",
      "sha1": "9c56944ee368567e7a163e4d93520f71063db66e",
      "lang": "ru_ru"
    },
    {
      "file_path": "ru_ru/energy_storage_core/energy_pylon_e75da.md",
      "url": "http://pi.brandon3055.com/objects/3b/3b76b0d7e59fedf95849dfd5d193d77af4105f12",
      "sha1": "3b76b0d7e59fedf95849dfd5d193d77af4105f12",
      "lang": "ru_ru"
    },
    {
      "file_path": "ru_ru/energy_storage_core/energy_core_setup_7be5c.md",
      "url": "http://pi.brandon3055.com/objects/f7/f7b0bf94eb39001393c2e8ba35ed6ee6df0dab10",
      "sha1": "f7b0bf94eb39001393c2e8ba35ed6ee6df0dab10",
      "lang": "ru_ru"
    },
    {
      "file_path": "ru_ru/energy_storage_core/energy_core_stabilizer_dfaaa.md",
      "url": "http://pi.brandon3055.com/objects/42/42ca833b270ce9f8e3f76ffe5b21bcb4589ccee0",
      "sha1": "42ca833b270ce9f8e3f76ffe5b21bcb4589ccee0",
      "lang": "ru_ru"
    },
    {
      "file_path": "ru_ru/energy_network/relay_crystals_2bf03.md",
      "url": "http://pi.brandon3055.com/objects/51/5199ad92cbfa5d459fa8df2fddf3c35c7df7e835",
      "sha1": "5199ad92cbfa5d459fa8df2fddf3c35c7df7e835",
      "lang": "ru_ru"
    },
    {
      "file_path": "ru_ru/energy_network/energy_io_crystals_5c5b0.md",
      "url": "http://pi.brandon3055.com/objects/11/1137f04858feb1503099645e120f8b11ab952c5b",
      "sha1": "1137f04858feb1503099645e120f8b11ab952c5b",
      "lang": "ru_ru"
    },
    {
      "file_path": "ru_ru/energy_network/wireless_crystals_29e8b.md",
      "url": "http://pi.brandon3055.com/objects/7a/7a6e09d58347a3ef5a1fc19be5ce50d58d7ae2c7",
      "sha1": "7a6e09d58347a3ef5a1fc19be5ce50d58d7ae2c7",
      "lang": "ru_ru"
    },
    {
      "file_path": "ru_ru/energy_network/the_basics_461cd.md",
      "url": "http://pi.brandon3055.com/objects/00/004b677a5eef5ea2764263d47ca00b24c5f3bb5a",
      "sha1": "004b677a5eef5ea2764263d47ca00b24c5f3bb5a",
      "lang": "ru_ru"
    },
    {
      "file_path": "ru_ru/wyvern_armor_4e10b.md",
      "url": "http://pi.brandon3055.com/objects/69/697baf706e2e0d8c0ce03e87d70e304ab7b59f07",
      "sha1": "697baf706e2e0d8c0ce03e87d70e304ab7b59f07",
      "lang": "ru_ru"
    },
    {
      "file_path": "ru_ru/draconium_8395a.md",
      "url": "http://pi.brandon3055.com/objects/fc/fcd7711ddba8c08b9fa08f81ac4b961fdc809ece",
      "sha1": "fcd7711ddba8c08b9fa08f81ac4b961fdc809ece",
      "lang": "ru_ru"
    },
    {
      "file_path": "ru_ru/potentiometer_7e259.md",
      "url": "http://pi.brandon3055.com/objects/55/55665a595f1fe4afafe7db3f9bffd22e7bc6eb3f",
      "sha1": "55665a595f1fe4afafe7db3f9bffd22e7bc6eb3f",
      "lang": "ru_ru"
    },
    {
      "file_path": "ru_ru/celestial_manipulator_55724.md",
      "url": "http://pi.brandon3055.com/objects/72/72e1783cf423348750c92d5551c291979e682a89",
      "sha1": "72e1783cf423348750c92d5551c291979e682a89",
      "lang": "ru_ru"
    },
    {
      "file_path": "ru_ru/draconic_armor/draconic_chestplate_e14af.md",
      "url": "http://pi.brandon3055.com/objects/d5/d5fabe53e70875aae3da34ac1037e09941b28cbf",
      "sha1": "d5fabe53e70875aae3da34ac1037e09941b28cbf",
      "lang": "ru_ru"
    },
    {
      "file_path": "ru_ru/draconic_armor/draconic_boots_53ead.md",
      "url": "http://pi.brandon3055.com/objects/d3/d3e7963effdcf55f6eb69da2500015d3e8337072",
      "sha1": "d3e7963effdcf55f6eb69da2500015d3e8337072",
      "lang": "ru_ru"
    },
    {
      "file_path": "ru_ru/draconic_armor/draconic_helmet_54f52.md",
      "url": "http://pi.brandon3055.com/objects/c4/c43a8b1798a13b5542689597889c2aeea15f14a5",
      "sha1": "c43a8b1798a13b5542689597889c2aeea15f14a5",
      "lang": "ru_ru"
    },
    {
      "file_path": "ru_ru/draconic_armor/draconic_leggings_dc633.md",
      "url": "http://pi.brandon3055.com/objects/07/07071356987e7335ae885ad9822cf8e445e86126",
      "sha1": "07071356987e7335ae885ad9822cf8e445e86126",
      "lang": "ru_ru"
    },
    {
      "file_path": "ru_ru/cores/wyvern_core_c2c0a.md",
      "url": "http://pi.brandon3055.com/objects/a4/a493b848ecdc835355303cdabab34d577033208d",
      "sha1": "a493b848ecdc835355303cdabab34d577033208d",
      "lang": "ru_ru"
    },
    {
      "file_path": "ru_ru/cores/wyvern_energy_core_a2b4d.md",
      "url": "http://pi.brandon3055.com/objects/00/002a6031550406f63b05828c3c242b5102e54f51",
      "sha1": "002a6031550406f63b05828c3c242b5102e54f51",
      "lang": "ru_ru"
    },
    {
      "file_path": "ru_ru/cores/draconic_energy_core_4f12f.md",
      "url": "http://pi.brandon3055.com/objects/02/0235b2e43992536fd8e78265a0332c30597edcde",
      "sha1": "0235b2e43992536fd8e78265a0332c30597edcde",
      "lang": "ru_ru"
    },
    {
      "file_path": "ru_ru/cores/awakened_core_c847a.md",
      "url": "http://pi.brandon3055.com/objects/7a/7acc02ca32a27ff061b8e61bbf75b23ba7ea62a1",
      "sha1": "7acc02ca32a27ff061b8e61bbf75b23ba7ea62a1",
      "lang": "ru_ru"
    },
    {
      "file_path": "ru_ru/cores/chaotic_core_10e66.md",
      "url": "http://pi.brandon3055.com/objects/47/47965e1d31e9aa974a5ae558cc744b9cab05c9eb",
      "sha1": "47965e1d31e9aa974a5ae558cc744b9cab05c9eb",
      "lang": "ru_ru"
    },
    {
      "file_path": "ru_ru/cores/draconic_core_3cc88.md",
      "url": "http://pi.brandon3055.com/objects/88/88fb2c76eeeeca83317e9de5252abdbea1a9ac06",
      "sha1": "88fb2c76eeeeca83317e9de5252abdbea1a9ac06",
      "lang": "ru_ru"
    },
    {
      "file_path": "ru_ru/cores_b46c6.md",
      "url": "http://pi.brandon3055.com/objects/ed/ed60081597d3d1a52334fd42e356c1ff54b08de2",
      "sha1": "ed60081597d3d1a52334fd42e356c1ff54b08de2",
      "lang": "ru_ru"
    },
    {
      "file_path": "ru_ru/ender_energy_manipulator_3811c.md",
      "url": "http://pi.brandon3055.com/objects/7d/7d4bd65aa9f0be4c255e9c986524dd69dbb9e947",
      "sha1": "7d4bd65aa9f0be4c255e9c986524dd69dbb9e947",
      "lang": "ru_ru"
    },
    {
      "file_path": "ru_ru/dislocation/bound_dislocators_d4344.md",
      "url": "http://pi.brandon3055.com/objects/79/799af464d49def4b1cc50ac8dee2e2110b711c75",
      "sha1": "799af464d49def4b1cc50ac8dee2e2110b711c75",
      "lang": "ru_ru"
    },
    {
      "file_path": "ru_ru/dislocation/awakened_item_dislocator_81c55.md",
      "url": "http://pi.brandon3055.com/objects/4e/4e7c3241060ca33a515dcde81dedf034343bc9e5",
      "sha1": "4e7c3241060ca33a515dcde81dedf034343bc9e5",
      "lang": "ru_ru"
    },
    {
      "file_path": "ru_ru/dislocation/dislocation_blocker_20e01.md",
      "url": "http://pi.brandon3055.com/objects/14/14f072d7ea1e82ce446df856b3e3933c533ae7f3",
      "sha1": "14f072d7ea1e82ce446df856b3e3933c533ae7f3",
      "lang": "ru_ru"
    },
    {
      "file_path": "ru_ru/dislocation/dislocator_81ef7.md",
      "url": "http://pi.brandon3055.com/objects/f4/f4c497ef8a60a4dfe1f015819cbd19323485a9d3",
      "sha1": "f4c497ef8a60a4dfe1f015819cbd19323485a9d3",
      "lang": "ru_ru"
    },
    {
      "file_path": "ru_ru/dislocation/dislocator_pedestal_40605.md",
      "url": "http://pi.brandon3055.com/objects/32/329408fd59ca6a637b765d157012225666dbc898",
      "sha1": "329408fd59ca6a637b765d157012225666dbc898",
      "lang": "ru_ru"
    },
    {
      "file_path": "ru_ru/dislocation/dislocator_receptacle_8aad6.md",
      "url": "http://pi.brandon3055.com/objects/05/05681551723d0a00a50c8ab21c3503588163da1e",
      "sha1": "05681551723d0a00a50c8ab21c3503588163da1e",
      "lang": "ru_ru"
    },
    {
      "file_path": "ru_ru/dislocation/item_dislocator_a286b.md",
      "url": "http://pi.brandon3055.com/objects/f9/f97ece5e3eb8f17435a17e3f297158ff9db3c381",
      "sha1": "f97ece5e3eb8f17435a17e3f297158ff9db3c381",
      "lang": "ru_ru"
    },
    {
      "file_path": "ru_ru/dislocation/advanced_dislocator_aa59f.md",
      "url": "http://pi.brandon3055.com/objects/f7/f7c0efc210dba3ed484338e75b34d14804072d17",
      "sha1": "f7c0efc210dba3ed484338e75b34d14804072d17",
      "lang": "ru_ru"
    },
    {
      "file_path": "ru_ru/rain_sensor_92dae.md",
      "url": "http://pi.brandon3055.com/objects/67/676111abe64de9f4d9185f1ca889ca35efa99bc0",
      "sha1": "676111abe64de9f4d9185f1ca889ca35efa99bc0",
      "lang": "ru_ru"
    },
    {
      "file_path": "ru_ru/dislocation_6d4cb.md",
      "url": "http://pi.brandon3055.com/objects/0a/0a0152ee0a66d741a0301868fae0a972a990927f",
      "sha1": "0a0152ee0a66d741a0301868fae0a972a990927f",
      "lang": "ru_ru"
    },
    {
      "file_path": "ru_ru/generator_cc462.md",
      "url": "http://pi.brandon3055.com/objects/59/59dc575b16c542d2287c1fee980ad98ff3bd2d18",
      "sha1": "59dc575b16c542d2287c1fee980ad98ff3bd2d18",
      "lang": "ru_ru"
    },
    {
      "file_path": "ru_ru/energy_network_cbb72.md",
      "url": "http://pi.brandon3055.com/objects/99/9925dec07836d5dc1357310ae6995b78e0427b2a",
      "sha1": "9925dec07836d5dc1357310ae6995b78e0427b2a",
      "lang": "ru_ru"
    },
    {
      "file_path": "ru_ru/stabilized_spawner_4e561.md",
      "url": "http://pi.brandon3055.com/objects/cc/cc0a35ca9fdbefe10a1dac199784837dd1f3cd71",
      "sha1": "cc0a35ca9fdbefe10a1dac199784837dd1f3cd71",
      "lang": "ru_ru"
    },
    {
      "file_path": "ru_ru/draconic_energy_shield_4ef7c.md",
      "url": "http://pi.brandon3055.com/objects/51/51306cc3fa5accb081127846a8bb4f779007020f",
      "sha1": "51306cc3fa5accb081127846a8bb4f779007020f",
      "lang": "ru_ru"
    },
    {
      "file_path": "ru_ru/flow_gates_92a90.md",
      "url": "http://pi.brandon3055.com/objects/b1/b143c2e101426340ab8d44d5edb7c01ec637526c",
      "sha1": "b143c2e101426340ab8d44d5edb7c01ec637526c",
      "lang": "ru_ru"
    },
    {
      "file_path": "ru_ru/energy_storage_core_7665b.md",
      "url": "http://pi.brandon3055.com/objects/40/4068db996f0591da1b760d566ab12c87606af355",
      "sha1": "4068db996f0591da1b760d566ab12c87606af355",
      "lang": "ru_ru"
    },
    {
      "file_path": "ru_ru/draconium_chest_1c184.md",
      "url": "http://pi.brandon3055.com/objects/39/39580863dd36009494897f57453f6fbe66c7a874",
      "sha1": "39580863dd36009494897f57453f6fbe66c7a874",
      "lang": "ru_ru"
    },
    {
      "file_path": "ru_ru/awakened_draconium_5f7da.md",
      "url": "http://pi.brandon3055.com/objects/a7/a7f381c5ed514a45d5e6233f7b53fcb44f0bddac",
      "sha1": "a7f381c5ed514a45d5e6233f7b53fcb44f0bddac",
      "lang": "ru_ru"
    },
    {
      "file_path": "ru_ru/draconium/draconium_dust_a564f.md",
      "url": "http://pi.brandon3055.com/objects/cf/cfab636b1d9c34a6744748cc8ef4985e83fc362a",
      "sha1": "cfab636b1d9c34a6744748cc8ef4985e83fc362a",
      "lang": "ru_ru"
    },
    {
      "file_path": "ru_ru/draconium/draconium_ore_87f4d.md",
      "url": "http://pi.brandon3055.com/objects/e4/e409d4451941d944111e37f733031407af80179c",
      "sha1": "e409d4451941d944111e37f733031407af80179c",
      "lang": "ru_ru"
    },
    {
      "file_path": "ru_ru/draconium/draconium_block_4058e.md",
      "url": "http://pi.brandon3055.com/objects/e0/e05427bcfc1076f88a06de696e3211798f3b9236",
      "sha1": "e05427bcfc1076f88a06de696e3211798f3b9236",
      "lang": "ru_ru"
    },
    {
      "file_path": "ru_ru/wyvern_tools/wyvern_pickaxe_97459.md",
      "url": "http://pi.brandon3055.com/objects/af/aff8cd1754e2ab8f75a0f49a9d4261d3343e5d2c",
      "sha1": "aff8cd1754e2ab8f75a0f49a9d4261d3343e5d2c",
      "lang": "ru_ru"
    },
    {
      "file_path": "ru_ru/wyvern_tools/wyvern_axe_11dbd.md",
      "url": "http://pi.brandon3055.com/objects/ee/eef7d6533c9c5fb4991d5ccb32ed6c7aafeceac0",
      "sha1": "eef7d6533c9c5fb4991d5ccb32ed6c7aafeceac0",
      "lang": "ru_ru"
    },
    {
      "file_path": "ru_ru/wyvern_tools/wyvern_shovel_9dbf8.md",
      "url": "http://pi.brandon3055.com/objects/06/067754a055ee072a3b1628ac24f5d4b6870fefe5",
      "sha1": "067754a055ee072a3b1628ac24f5d4b6870fefe5",
      "lang": "ru_ru"
    },
    {
      "file_path": "ru_ru/wyvern_tools/wyvern_flux_capacitor_f3f1c.md",
      "url": "http://pi.brandon3055.com/objects/0a/0a8e8a34477453041a10c1da0e8dc2197f8a7b3e",
      "sha1": "0a8e8a34477453041a10c1da0e8dc2197f8a7b3e",
      "lang": "ru_ru"
    },
    {
      "file_path": "ru_ru/wyvern_tools/wyvern_bow_e17dc.md",
      "url": "http://pi.brandon3055.com/objects/36/3677adadbe60febf262f198d974a94635cb50688",
      "sha1": "3677adadbe60febf262f198d974a94635cb50688",
      "lang": "ru_ru"
    },
    {
      "file_path": "ru_ru/wyvern_tools/wyvern_sword_dc96b.md",
      "url": "http://pi.brandon3055.com/objects/ed/edfaa3731fd37ea9065e2836bc22df1401b00d8f",
      "sha1": "edfaa3731fd37ea9065e2836bc22df1401b00d8f",
      "lang": "ru_ru"
    },
    {
      "file_path": "ru_ru/fusion_crafting_93212.md",
      "url": "http://pi.brandon3055.com/objects/70/70545084dc89d6585d9c6b422df07eecd8b361cb",
      "sha1": "70545084dc89d6585d9c6b422df07eecd8b361cb",
      "lang": "ru_ru"
    },
    {
      "file_path": "ru_ru/wyvern_armor/wyvern_chestplate_472d6.md",
      "url": "http://pi.brandon3055.com/objects/47/47aae6feb041be1bc6f6e6046e3180ff3311d8f1",
      "sha1": "47aae6feb041be1bc6f6e6046e3180ff3311d8f1",
      "lang": "ru_ru"
    },
    {
      "file_path": "ru_ru/wyvern_armor/wyvern_leggings_2b410.md",
      "url": "http://pi.brandon3055.com/objects/97/97a277e24fb6bf45c467f916664a6a41f045c0bf",
      "sha1": "97a277e24fb6bf45c467f916664a6a41f045c0bf",
      "lang": "ru_ru"
    },
    {
      "file_path": "ru_ru/wyvern_armor/wyvern_boots_9d888.md",
      "url": "http://pi.brandon3055.com/objects/40/407510bc6b5a004db199513e930c2970171a2a56",
      "sha1": "407510bc6b5a004db199513e930c2970171a2a56",
      "lang": "ru_ru"
    },
    {
      "file_path": "ru_ru/wyvern_armor/wyvern_helmet_60559.md",
      "url": "http://pi.brandon3055.com/objects/20/205168b1d02686fbff100d7f4574f07ef8b7084b",
      "sha1": "205168b1d02686fbff100d7f4574f07ef8b7084b",
      "lang": "ru_ru"
    },
    {
      "file_path": "ru_ru/spotlights_65054.md",
      "url": "http://pi.brandon3055.com/objects/0c/0cf26ca22f4ba3f57642e09adcab0bd510fd9aec",
      "sha1": "0cf26ca22f4ba3f57642e09adcab0bd510fd9aec",
      "lang": "ru_ru"
    },
    {
      "file_path": "ru_ru/draconic_reactor/reactor_explosion_8a46b.md",
      "url": "http://pi.brandon3055.com/objects/b2/b228e2ae6760aa40962a3192fdfeb73b6fa346c1",
      "sha1": "b228e2ae6760aa40962a3192fdfeb73b6fa346c1",
      "lang": "ru_ru"
    },
    {
      "file_path": "ru_ru/draconic_reactor/basic_operation_909db.md",
      "url": "http://pi.brandon3055.com/objects/ce/ced5af506ddf7d8983918503f1fe6a59b019f20d",
      "sha1": "ced5af506ddf7d8983918503f1fe6a59b019f20d",
      "lang": "ru_ru"
    },
    {
      "file_path": "ru_ru/draconic_reactor/regulation_and_safety_24690.md",
      "url": "http://pi.brandon3055.com/objects/fc/fc39379b78cbf19771bef17892a8d05037e8988c",
      "sha1": "fc39379b78cbf19771bef17892a8d05037e8988c",
      "lang": "ru_ru"
    },
    {
      "file_path": "ru_ru/draconic_tools/draconic_staff_of_power_31983.md",
      "url": "http://pi.brandon3055.com/objects/eb/eb353ccc1989db71a3e51aada8f9dd41d5d0ece1",
      "sha1": "eb353ccc1989db71a3e51aada8f9dd41d5d0ece1",
      "lang": "ru_ru"
    },
    {
      "file_path": "ru_ru/draconic_tools/draconic_sword_f9c8f.md",
      "url": "http://pi.brandon3055.com/objects/b5/b52af53f3578e2a19c39c1e81edc2f933cd957bd",
      "sha1": "b52af53f3578e2a19c39c1e81edc2f933cd957bd",
      "lang": "ru_ru"
    },
    {
      "file_path": "ru_ru/draconic_tools/draconic_shovel_26bf1.md",
      "url": "http://pi.brandon3055.com/objects/36/36e372d8908b8cec21df25c994d2b9246a2983c7",
      "sha1": "36e372d8908b8cec21df25c994d2b9246a2983c7",
      "lang": "ru_ru"
    },
    {
      "file_path": "ru_ru/draconic_tools/draconic_bow_a8440.md",
      "url": "http://pi.brandon3055.com/objects/af/af6272ada7b38bc03f5d84d5423b114377869adf",
      "sha1": "af6272ada7b38bc03f5d84d5423b114377869adf",
      "lang": "ru_ru"
    },
    {
      "file_path": "ru_ru/draconic_tools/draconic_hoe_21b89.md",
      "url": "http://pi.brandon3055.com/objects/b1/b16ddc86b71dbd61d16e1754833d71e694f958df",
      "sha1": "b16ddc86b71dbd61d16e1754833d71e694f958df",
      "lang": "ru_ru"
    },
    {
      "file_path": "ru_ru/draconic_tools/draconic_axe_bcd5b.md",
      "url": "http://pi.brandon3055.com/objects/30/30b2d44e331fe58562e8e916e0a7be347c13cf8e",
      "sha1": "30b2d44e331fe58562e8e916e0a7be347c13cf8e",
      "lang": "ru_ru"
    },
    {
      "file_path": "ru_ru/draconic_tools/draconic_flux_capacitor_5685f.md",
      "url": "http://pi.brandon3055.com/objects/2c/2cfd06ab797c12911b3ce2f0812d5b0c4ae70cd1",
      "sha1": "2cfd06ab797c12911b3ce2f0812d5b0c4ae70cd1",
      "lang": "ru_ru"
    },
    {
      "file_path": "ru_ru/draconic_tools/draconic_pickaxe_5380c.md",
      "url": "http://pi.brandon3055.com/objects/26/26eb6d029284f43bf1be779442ddf228a13d5dbc",
      "sha1": "26eb6d029284f43bf1be779442ddf228a13d5dbc",
      "lang": "ru_ru"
    },
    {
      "file_path": "ru_ru/mob_soul_749d7.md",
      "url": "http://pi.brandon3055.com/objects/ac/ac25f56d17e397a014f3afd178d40c0aab19f0b6",
      "sha1": "ac25f56d17e397a014f3afd178d40c0aab19f0b6",
      "lang": "ru_ru"
    },
    {
      "file_path": "ru_ru/draconic_reactor_b98b3.md",
      "url": "http://pi.brandon3055.com/objects/5c/5cd5d0123eac1b440533ef0556ac76fb2ce2a10e",
      "sha1": "5cd5d0123eac1b440533ef0556ac76fb2ce2a10e",
      "lang": "ru_ru"
    },
    {
      "file_path": "ru_ru/draconic_armor_a7ed0.md",
      "url": "http://pi.brandon3055.com/objects/33/3322ed70bd835e5c105a93f89c878d710d20da06",
      "sha1": "3322ed70bd835e5c105a93f89c878d710d20da06",
      "lang": "ru_ru"
    },
    {
      "file_path": "ru_ru/contributors_14e32.md",
      "url": "http://pi.brandon3055.com/objects/6e/6e1f88c1bc07128513ddbf8ced594c2afe4fe53b",
      "sha1": "6e1f88c1bc07128513ddbf8ced594c2afe4fe53b",
      "lang": "ru_ru"
    },
    {
      "file_path": "ru_ru/chaos_guardian_4c4fd.md",
      "url": "http://pi.brandon3055.com/objects/fe/fef41970f006ced35d520f812e319360e49a09e9",
      "sha1": "fef41970f006ced35d520f812e319360e49a09e9",
      "lang": "ru_ru"
    },
    {
      "file_path": "ru_ru/energy_infuser_5b44a.md",
      "url": "http://pi.brandon3055.com/objects/0e/0e31d2693ee64e74e63eea6d79992d9f0908ddb0",
      "sha1": "0e31d2693ee64e74e63eea6d79992d9f0908ddb0",
      "lang": "ru_ru"
    },
    {
      "file_path": "ru_ru/disenchanter_3606d.md",
      "url": "http://pi.brandon3055.com/objects/48/48bfb8cee5a2ea3a20c5d88068aefdf52007b7ae",
      "sha1": "48bfb8cee5a2ea3a20c5d88068aefdf52007b7ae",
      "lang": "ru_ru"
    },
    {
      "file_path": "ru_ru/awakened_draconium/dragon_heart_2caa6.md",
      "url": "http://pi.brandon3055.com/objects/2e/2e67518018b51fb9b245591d33e9371cc1251684",
      "sha1": "2e67518018b51fb9b245591d33e9371cc1251684",
      "lang": "ru_ru"
    }
  ]
}