{
  "general": {
    "dumpCraftingConfig": {
      "value": false,
      "comment": "If true, then all recipes for all items in packs will be dumped into the config file at boot.  WARNING: this will overwrite your existing crafting overrides file!"
    },
    "opSignEditingOnly": {
      "value": false,
      "comment": "If true, only OPs will be able to edit signs on servers.  Does not affect client worlds."
    },
    "opPickupVehiclesOnly": {
      "value": false,
      "comment": "If true, only OPs will be able to pick up vehicles with wrenches.  Does not affect client worlds."
    },
    "creativePickupVehiclesOnly": {
      "value": false,
      "comment": "If true, vehicles can only be picked up in creative mode."
    },
    "keyRequiredToStartVehicles": {
      "value": false,
      "comment": "If true, vehicles can only be started if the player has the key in their hand."
    },
    "blockBreakage": {
      "value": true,
      "comment": "Whether or not vehicles and guns can break blocks when they hit them.  If false, vehicles will simply stop when they hit blocks, and guns won't break blocks when they hit them.  This will also disable explosive block breakage, though not explosions themselves."
    },
    "vehicleDestruction": {
      "value": true,
      "comment": "Whether or not vehicles can be destroyed by ramming into blocks at high speeds.  Set this to false if you don't like loosing vehicles to badly-placed walls."
    },
    "noclipVehicles": {
      "value": false,
      "comment": "If true, vehicles will not be able to collide with blocks.  This also prevents them from moving if they do not have wheels on them, as otherwise they would phase through the ground into the void."
    },
    "creativeDamage": {
      "value": false,
      "comment": "If true, damage from vehicles and guns will be applied to creative players."
    },
    "chunkloadVehicles": {
      "value": true,
      "comment": "If true, vehicles will be chunkloaded when on roads/tracks.  This allows them to travel into unloaded chunks."
    },
    "doLegacyLightCompats": {
      "value": true,
      "comment": "If true, legacy compatibility code will be performed on all models to make their lights work with newer versions.  This code will significantly slow down boot times due to needing to parse all models on boot, however, packs may not have functional lights without it.  Choose wisely if you want speed or features."
    },
    "useHSV": {
      "value": false,
      "comment": "If enabled, the MTS dev mode will export color values as HSV instead of hex."
    },
    "allPlanesWithNav": {
      "value": false,
      "comment": "If true, all planes will have the ability to use beacons for navigation.  This is false to allow pack authors to define new/old planes that have this capability, but can be turned on if you don't care about realism."
    },
    "giveManualsOnJoin": {
      "value": true,
      "comment": "If true, then whenever a new player joins a world, they will be given a copy of the mod manuals."
    },
    "devMode": {
      "value": false,
      "comment": "If enabled, MTS will allow access to the dev mode GUI while sitting in vehicles.  The GUI allows editing JSONs in-game without the need to restart."
    },
    "roadMaxLength": {
      "value": 32,
      "comment": "How long a single segment of road can be, in blocks.  While you can have longer segements, be aware they have more collision boxes and will generate more lag when broken or interacted with, and may not render if outside the chunk they are in.  Must be a whole number."
    },
    "aircraftSpeedFactor": {
      "value": 0.35,
      "comment": "Factor to apply to aircraft movement.  1 is the realistic value, but this makes vehicles move too fast for Minecraft. Adjust with caution."
    },
    "carSpeedFactor": {
      "value": 0.35,
      "comment": "Factor to apply to car movement.  1 is the realistic value, but this makes vehicles move too fast for Minecraft. Adjust with caution."
    },
    "fuelUsageFactor": {
      "value": 1.0,
      "comment": "Factor times which engines use fuel.  Change this if you think engines use fuel too fast or slow."
    },
    "engineHoursFactor": {
      "value": 1.0,
      "comment": "Factor times which engines hours accumulate.  Change this if you want to adjust how fast engines wear out."
    },
    "climbSpeed": {
      "value": 0.125,
      "comment": "How far a vehicle will 'climb' blocks every tick when the wheels go into the ground.  Higher values make vehicles climb blocks quicker at the cost of smooth movement."
    },
    "gravityFactor": {
      "value": 1.0,
      "comment": "Factor for gravitational forces applied to vehicles.  Can be adjusted if you think cars are too 'floaty'.  Does not affect aircraft."
    },
    "engineSpeedTempFactor": {
      "value": 1.0,
      "comment": "Factor for how RPM affects engine temp.  Higher values will make engines heat up quicker at higher RPMs."
    },
    "engineBiomeTempFactor": {
      "value": 1.0,
      "comment": "Factor for how biome temp affects engine temp.  Higher values will make engines heat up quicker in hotter biomes."
    },
    "rfToElectricityFactor": {
      "value": 0.02,
      "comment": "Factor for converting RF to internal electicity for vehicles.  Default value is 1/100, but can be adjusted."
    },
    "engineDimensionBlacklist": {
      "value": [],
      "comment": "Blacklist of dimension names where engines will be prevented from being started.  Can be used to disable vehicles in specific dimensions.  Think Galacticraft, where you don't want folks flying planes on the moon."
    },
    "engineDimensionWhitelist": {
      "value": [],
      "comment": "Whitelist of dimension names where engines will only be alowed to work.  Overrides the blacklist if this exists."
    },
    "packVehicleScales": {
      "value": {
        "mtsofficialpack": 1.0,
        "mts": 1.0
      },
      "comment": "Scale of all vehicles for this pack.  You probably won't want to change this, but if you do want the vehicles to be smaller for some reason, you can."
    },
    "packSpeedFactors": {
      "value": {
        "mtsofficialpack": 1.0,
        "mts": 1.0
      },
      "comment": "A mapping of pack-speciifc speed factors.  These values will only apply to the vehicles in the pack modified.  This allows for speeding up packs with slower vehicles, or slowing down packs with fast vehicles for a more even play experience.  Note that this applies on top of the global speed factor.  So if that is set to 0.30, and a pack is set to 0.5, then the total speed factor will be 0.15"
    },
    "itemWeights": {
      "comment1": "The following section is used for calculating item weights.  Any item that contains the text bits will have its weight multiplied by the following factor.",
      "comment2": "This mass factors into vehicle performance, with particular emphasis on vehicle payloads.  Some defaults are presented here, but you can add/remove to your liking.",
      "comment3": "Note that the part of the name searched is the item's registry name, NOT the in-game display name.  This is similar to what is in the /give command.",
      "weights": {
        "gold": 4.0,
        "diamond": 4.0,
        "ore": 2.5,
        "iron": 4.0,
        "coal": 2.0,
        "stone": 1.5
      }
    },
    "joinedPlayers": {
      "value": [
        "bffe4260-deb6-4455-93c6-35f36868ba18"
      ],
      "comment": "Listing of players that have joined this world.  Players will be given the manual on their first join."
    }
  },
  "damage": {
    "explosions": {
      "value": true,
      "comment": "Whether or not vehicles explode when crashed or shot down."
    },
    "wheelBreakage": {
      "value": true,
      "comment": "Whether or not wheels can be broken (go flat)."
    },
    "wheelDamageIgnoreVelocity": {
      "value": false,
      "comment": "Whether or not velocity is ignored when calculating wheel damage."
    },
    "allowExternalDamage": {
      "value": false,
      "comment": "Whether or not non-IV things can damage vehicles.  This is normally false, as external damage is a hassle for most people, but can be true if you want other mod's guns to be able to attack vehicles in addition to IV's."
    },
    "propellerDamageFactor": {
      "value": 1.0,
      "comment": "Factor for damage caused by a propeller."
    },
    "jetDamageFactor": {
      "value": 1.0,
      "comment": "Factor for damage caused by a jet engine."
    },
    "wheelDamageFactor": {
      "value": 1.0,
      "comment": "Factor for damage caused by wheels on vehicles."
    },
    "crashDamageFactor": {
      "value": 1.0,
      "comment": "Factor for damage caused by crashes."
    },
    "bulletDamageFactor": {
      "value": 1.0,
      "comment": "Factor for damage caused by bullets on vehicles."
    },
    "engineLeakProbability": {
      "value": 0.01,
      "comment": "Chance an engine will spring a leak if hit.  Explosions cause 10x this chance."
    },
    "wheelDamageMinimumVelocity": {
      "value": 0.2,
      "comment": "Minimum velocity (blocks/second) which vehicles must be going to damage entities with their wheels."
    }
  },
  "fuel": {
    "comment1": "The following section is used for fuel configs for engines.  Each entry here is a single fuel type for engines.",
    "comment2": "Inside each entry exist values for the potency of the fluids that can be considered to be that fuel type.",
    "comment3": "You can make engines take different types of fluids for their fuels by editing these values.  See the in-game handbook for more information.",
    "comment4": "If you are having troubles getting the name for a particular fluid, run the game with the mods you want and check the 'lastLoadedFluids' list.  This contains all the fluids that were present during the last run of the game.",
    "comment5": "The first entry in the list is the registered fluid name, while the second entry will be the displayed name.  Only use the first name, as the second name changes based on game language settings.",
    "fuels": {
      "diesel": {
        "creosote": 0.7,
        "diesel": 1.0,
        "lava": 1.0,
        "oil": 0.5,
        "biodiesel": 0.8
      },
      "furnace": {
        "lava": 1.0
      },
      "avgas": {
        "lava": 1.0,
        "gasoline": 1.0
      },
      "gasoline": {
        "lava": 1.0,
        "gasoline": 1.0,
        "ethanol": 0.85
      }
    },
    "lastLoadedFluids": {
      "seed_oil": "Seed Oil",
      "oil_residue": "Residue (§bCool§r)",
      "dark_steel": "Molten Dark Steel",
      "ignitz_fluid": "Ignitz Fluid",
      "construction_alloy": "Molten Iron Alloy",
      "brine": "Brine",
      "manyullyn": "Molten Manyullyn",
      "mirion": "Molten Mirion",
      "elementium": "Molten Elementium",
      "purpleslime": "Liquid Purple Slime",
      "liquidhydrogen": "Liquid Hydrogen",
      "fuel_dense": "Dense Fuel (§bCool§r)",
      "lifeessence": "Life Essence",
      "invar": "Molten Invar",
      "supremium": "Molten Supremium",
      "ivorypsi": "Molten Ivory Psimetal",
      "liquid_chocolate_fluid": "Liquid Chocolate",
      "yellorium": "Molten Yellorium",
      "oil_heavy_heat_1": "Heavy Oil (§6Hot§r)",
      "liquidsulfurdioxide": "Liquid Sulfur Dioxide",
      "liquidoxygen": "Liquid Oxygen",
      "fiery_essence": "Fiery Essence",
      "napalm": "Napalm",
      "ic2creosote": "Creosote",
      "milk": "Milk",
      "astrium_fluid": "Astrium Fluid",
      "nuclear_waste_fluid": "Nuclear Waste",
      "crude_oil": "Crude Oil",
      "gaseous_cheese_milk": "Gaseous Cheese Milk",
      "oil_distilled": "Distilled Oil (§bCool§r)",
      "oil_heavy_heat_2": "Heavy Oil (§cSearing§r)",
      "chocolate_liquor": "Chocolate Liquor",
      "bronze": "Molten Bronze",
      "ic2distilled_water": "Distilled Water",
      "liquidsodium": "Liquid Sodium",
      "oil_heavy": "Heavy Oil (§bCool§r)",
      "ovium_fluid": "Ovium Fluid",
      "infected_purlonite_water_fluid": "Infected Purlonite Water",
      "liquid_death": "Liquid Death",
      "frozen_water_fluid": "Frozen Water",
      "redstone": "Destabilized Redstone",
      "obsidiorite_fluid": "Obsidiorite Fluid",
      "liquidchlorine": "Liquid Chlorine",
      "aerotheum": "Zephyrean Aerotheum",
      "ic2hydrogen": "Hydrogen",
      "essence": "Essence",
      "aluminum": "Molten Aluminum",
      "fuelcolumn": "fluid.fuelcolumn",
      "liquid_sunshine": "Liquid Sunshine",
      "clay": "Molten Clay",
      "gold": "Molten Gold",
      "cloud_seed_concentrated": "Concentrated Cloud Seed",
      "prudentium": "Molten Prudentium",
      "copper": "Molten Copper",
      "potion_lingering": "Lingering Potion",
      "ic2construction_foam": "Construction Foam",
      "electrum": "Molten Electrum",
      "biomass": "Biomass",
      "carbondioxide": "CO2 Gas",
      "electrumflux": "Molten Fluxed Electrum",
      "oilgc": "fluid.oilgc",
      "poison": "Poison",
      "refinedcanolaoil": "Refined Canola Oil",
      "infected_purlonite_lava_fluid": "Infected Purlonite Lava",
      "helium": "Helium Gas",
      "blood": "Blood",
      "alubrass": "Molten Aluminum Brass",
      "mana": "Primal Mana",
      "fuel_gaseous_heat_2": "Gaseous Fuel (§cSearing§r)",
      "atmosphericgases": "Atmospheric Gases",
      "matter_plasma": "Matter Plasma",
      "flux_goo": "Flux Goo",
      "liquidethene": "Liquid Ethylene",
      "fuel_gaseous_heat_1": "Gaseous Fuel (§6Hot§r)",
      "if.ore_fluid_fermented": "Fermented Ore Meat",
      "refined_biofuel": "Grassoline",
      "helium_gas": "Helium Gas",
      "sewage": "Sewage",
      "xpjuice": "XP",
      "ic2superheated_steam": "Superheated Steam",
      "infected_water_fluid_mp": "Infected Water",
      "oil_residue_heat_2": "Residue (§cSearing§r)",
      "karmesine_fluid": "Karmesine Fluid",
      "triberium_fluid": "Triberium Fluid",
      "fierymetal": "Molten Fiery",
      "oil_residue_heat_1": "Residue (§6Hot§r)",
      "dyonite_fluid": "Dyonite Fluid",
      "fire_water": "Fire Water",
      "knightslime": "Molten Knightslime",
      "salt_fluid": "Liquid Crystallized Water",
      "ic2biomass": "Biomass",
      "fuel_light": "Light Fuel (§bCool§r)",
      "latex": "Latex",
      "menrilresin": "Menril Resin",
      "pigiron": "Molten Pigiron",
      "soulium": "Molten Soulium",
      "fractum_fluid": "Fractum Fluid",
      "tin": "Molten Tin",
      "refinedglowstone": "Molten Refined Glowstone",
      "empoweredoil": "Empowered Oil",
      "ardite": "Molten Ardite",
      "nucleum_fluid": "Nucleum Fluid",
      "terrasteel": "Molten Terrasteel",
      "advancedalloy": "Molten Advanced Alloy",
      "ic2oxygen": "Oxygen",
      "obsidian": "Molten Obsidian",
      "glass": "Molten Glass",
      "fuel_mixed_light_heat_2": "Mixed Light Fuels (§cSearing§r)",
      "chrome": "Molten Chrome",
      "fuel_mixed_light_heat_1": "Mixed Light Fuels (§6Hot§r)",
      "oil_distilled_heat_1": "Distilled Oil (§6Hot§r)",
      "vapor_of_levity": "Vapor of Levity",
      "oil_distilled_heat_2": "Distilled Oil (§cSearing§r)",
      "ender_distillation": "Dew of the Void",
      "violium_fluid": "Violium Fluid",
      "soularium": "Molten Soularium",
      "base_essence": "Molten Base Essence",
      "sand": "Quicksand",
      "refinediron": "Molten Refined Iron",
      "mushroom_stew": "Mushroom Stew",
      "methane": "Methane Gas",
      "desh": "Molten Desh",
      "liquidfusionfuel": "Liquid D-T Fuel",
      "emerald": "Molten Emerald",
      "palladium_fluid": "Palladium Fluid",
      "jauxum_fluid": "Jauxum Fluid",
      "psi": "Molten Psimetal",
      "witchwater": "Witchwater",
      "gasoline": "Gasoline",
      "heavywater": "Heavy Water",
      "infected_water_fluid": "Infected Water",
      "imperomite_fluid": "Imperomite Fluid",
      "iridium": "Molten Iridium",
      "lava": "Lava",
      "lumium": "Molten Lumium",
      "liquiddeuterium": "Liquid Deuterium",
      "honey": "Honey",
      "bacterialsludge": "Bacterial Sludge",
      "xu_evil_metal": "Evil Infused Iron",
      "liquid_caramel_fluid": "Liquid Caramel",
      "if.protein": "Protein",
      "ic2hot_coolant": "IC2 Hot Coolant",
      "lumix_fluid": "Lumix Fluid",
      "ic2heavy_water": "Heavy Water",
      "dilithium_fluid": "Dilithium Fluid",
      "nickel": "Molten Nickel",
      "ic2pahoehoe_lava": "Pahoehoe Lava",
      "milk_chocolate": "Milk Chocolate",
      "potion": "Potion",
      "knightmetal": "Molten Knightmetal",
      "nitrogen": "Nitrogen Gas",
      "plantoil": "Plant Oil",
      "seismum_fluid": "Seismum Fluid",
      "osmium": "Molten Osmium",
      "syrup": "Syrup",
      "elvenelementium": "Molten Elementium",
      "stone": "Seared Stone",
      "uru_fluid": "Uru Fluid",
      "basalt_fluid": "Basalt Fluid",
      "conductive_iron": "Molten Conductive Iron",
      "purifying_fluid": "Purifying Fluid",
      "purified_water_fluid": "Purified Water",
      "iron": "Molten Iron",
      "petrotheum": "Tectonic Petrotheum",
      "liquidhydrogenchloride": "Liquid Hydrogen Chloride",
      "potion_splash": "Splash Potion",
      "fuel_mixed_heavy": "Mixed Heavy Fuels (§bCool§r)",
      "liquidnitrogen": "Liquid Nitrogen",
      "duranite_fluid": "Duranite Fluid",
      "redstone_alloy": "Molten Redstone Alloy",
      "ender": "Resonant Ender",
      "hydrogen": "Hydrogen Gas",
      "cloud_seed": "Cloud Seed",
      "refined_fuel": "Refined Fuel",
      "glowstone": "Energized Glowstone",
      "tiberium_fluid": "Tiberium Fluid",
      "tungsten": "Molten Tungsten",
      "tree_oil": "Tree Oil",
      "blutonium": "Molten Blutonium",
      "aurorium_fluid": "Aurorium Fluid",
      "molten_reinforced_pink_slime": "Molten Reinforced Pink Slime",
      "zinc": "Molten Zinc",
      "tritonite_fluid": "Tritonite Fluid",
      "nitrogen_ice_fluid": "Liquid Nitrogen Ice",
      "biodiesel": "Biodiesel",
      "yrdeen_fluid": "Yrdeen Fluid",
      "oil_heat_1": "Crude Oil (§6Hot§r)",
      "terrax_fluid": "Terrax Fluid",
      "biofuel": "Biofuel",
      "superium": "Molten Superium",
      "adamant_fluid": "Adamant Fluid",
      "intermedium": "Molten Intermedium",
      "fuel_dense_heat_1": "Dense Fuel (§6Hot§r)",
      "fuel_dense_heat_2": "Dense Fuel (§cSearing§r)",
      "nihilite_fluid": "Nihilite Fluid",
      "end_steel": "Molten End Steel",
      "ludicrite": "Molten Ludicrite",
      "liquidmethane": "Liquid Methane",
      "fuel_light_heat_1": "Light Fuel (§6Hot§r)",
      "fuel_light_heat_2": "Light Fuel (§cSearing§r)",
      "rocket_fuel": "Rocket Fuel",
      "argon": "Argon Gas",
      "silver": "Molten Silver",
      "vibrant_alloy": "Molten Vibrant Alloy",
      "liquidlithium": "Liquid Lithium",
      "ic2uu_matter": "UU-Matter",
      "radioactive_water_fluid": "Radioactive Water",
      "oil_heat_2": "Crude Oil (§cSearing§r)",
      "white_paint": "White Paint",
      "if.pink_slime": "Pink Slime",
      "steel": "Molten Steel",
      "xu_demonic_metal": "Molten Demon Metal",
      "diesel": "Diesel",
      "gaia": "Molten Gaia Spirit",
      "ic2weed_ex": "Weed-Ex",
      "ebonypsi": "Molten Ebony Psimetal",
      "crystal": "Crystallized Obsidian",
      "hot_spring_water": "Hot Spring Water",
      "niob_fluid": "Niob Fluid",
      "cobalt": "Molten Cobalt",
      "ic2air": "Air",
      "prometheum_fluid": "Prometheum Fluid",
      "ethanol": "Ethanol",
      "refined_oil": "Naphtha",
      "starmetal": "Molten Starmetal",
      "hootch": "Hootch",
      "xu_enchanted_metal": "Enchanted Metal",
      "astralsorcery.liquidstarlight": "Liquid Starlight",
      "cheese_milk_fluid": "Cheese Milk",
      "pyrotheum": "Blazing Pyrotheum",
      "pulsating_iron": "Molten Pulsating Iron",
      "abyssum_fluid": "Abyssum Fluid",
      "proxii_fluid": "Proxii Fluid",
      "thaumium": "Molten Thaumium",
      "amber": "Amber",
      "biocrude": "Biocrude",
      "constantan": "Molten Constantan",
      "lead": "Molten Lead",
      "ic2hot_water": "Hotspring Water",
      "magma_fluid": "Liquid Magma",
      "osmiridium": "Molten Osmiridium",
      "liquidchorus": "Liquid Chorus",
      "fuel_mixed_light": "Mixed Light Fuels (§bCool§r)",
      "ic2biogas": "Biogas",
      "nitronite_fluid": "Nitronite Fluid",
      "molten_tritanium": "Molten Tritanium",
      "red_paint": "Red Paint",
      "electrical_steel": "Molten Electrical Steel",
      "solarium_fluid": "Solarium Fluid",
      "fuel": "Fuel",
      "oil_dense": "Dense Oil (§bCool§r)",
      "fuel_mixed_heavy_heat_2": "Mixed Heavy Fuels (§cSearing§r)",
      "fuel_mixed_heavy_heat_1": "Mixed Heavy Fuels (§6Hot§r)",
      "experience": "Essence of Knowledge",
      "dark_chocolate": "Dark Chocolate",
      "osgloglas": "Molten Osgloglas",
      "platinum": "Molten Platinum",
      "manasteel": "Molten Manasteel",
      "vibranium_fluid": "Vibranium Fluid",
      "cyanite": "Molten Cyanite",
      "alumite": "Molten Alumite",
      "oxygen": "Oxygen Gas",
      "valyrium_fluid": "Valyrium Fluid",
      "liquidargon": "Liquid Argon",
      "meteorite_fluid": "Meteorite Fluid",
      "tar": "Tar",
      "cryotheum": "Gelid Cryotheum",
      "inferium": "Molten Inferium",
      "dirt": "Liquid Dirt",
      "brass": "Molten Brass",
      "glowstone_fluid": "Liquid Glowstone",
      "water": "Water",
      "resin": "Resin",
      "vasholine": "Wub Wub Juice",
      "nitrogen_fluid": "Liquid Nitrogen",
      "coal": "Liquifacted Coal",
      "ic2steam": "Steam",
      "liquidtritium": "Liquid Tritium",
      "uranium": "Molten Uranium",
      "fuelgc": "fluid.fuelgc",
      "canolaoil": "Canola Oil",
      "sulfuricacid": "Sulfuric Acid",
      "concrete": "Liquid Concrete",
      "mithril": "Molten Mithril",
      "oil_dense_heat_2": "Dense Oil (§cSearing§r)",
      "sulphuricacid": "Sulphuric Acid",
      "titanium": "Molten Titanium",
      "refinedobsidian": "Molten Refined Obsidian",
      "clean_water_fluid": "Clean Water",
      "iox_fluid": "Iox Fluid",
      "energetic_alloy": "Molten Energetic Alloy",
      "oil": "Crude Oil (§bCool§r)",
      "signalum": "Molten Signalum",
      "enderium": "Molten Enderium",
      "liquid_hydrocarbon_fluid": "Liquid Hydrocarbon",
      "steam": "Steam",
      "oil_dense_heat_1": "Dense Oil (§6Hot§r)",
      "if.ore_fluid_raw": "Raw Ore Meat",
      "methane_fluid": "Liquid Methane",
      "creosote": "Creosote Oil",
      "sap": "Sap",
      "sludge": "Sludge",
      "osram_fluid": "Osram Fluid",
      "blueslime": "Liquid Blue Slime",
      "eezo_fluid": "Eezo Fluid",
      "crystaloil": "Crystallized Oil",
      "nutrient_distillation": "Nutrient Distillation",
      "liquidsulfurtrioxide": "Liquid Sulfur Trioxide",
      "ic2coolant": "IC2 Coolant",
      "meat": "Liquid Meat",
      "fuel_gaseous": "Gaseous Fuel (§bCool§r)",
      "yellow_paint": "Yellow Paint",
      "lubricant": "Lubricant"
    }
  }
}